  [1m[35m (229.4ms)[0m  [1m[35mCREATE DATABASE "hotel_management_development" ENCODING = 'unicode' /*application='HotelManagement'*/[0m
Started GET "/" for ::1 at 2025-11-08 17:36:45 +0000
  
ActiveRecord::ConnectionNotEstablished (connection to server at "localhost" (::1), port 5432 failed: fe_sendauth: no password supplied
)
Caused by: PG::ConnectionBad (connection to server at "localhost" (::1), port 5432 failed: fe_sendauth: no password supplied
)

Information for: ActiveRecord::ConnectionNotEstablished (connection to server at "localhost" (::1), port 5432 failed: fe_sendauth: no password supplied
):
  
activerecord (8.1.1) lib/active_record/connection_adapters/postgresql_adapter.rb:69:in 'ActiveRecord::ConnectionAdapters::PostgreSQLAdapter.new_client'
activerecord (8.1.1) lib/active_record/connection_adapters/postgresql_adapter.rb:955:in 'ActiveRecord::ConnectionAdapters::PostgreSQLAdapter#connect'
activerecord (8.1.1) lib/active_record/connection_adapters/postgresql_adapter.rb:967:in 'ActiveRecord::ConnectionAdapters::PostgreSQLAdapter#reconnect'
activerecord (8.1.1) lib/active_record/connection_adapters/abstract_adapter.rb:718:in 'block in ActiveRecord::ConnectionAdapters::AbstractAdapter#reconnect!'
activesupport (8.1.1) lib/active_support/concurrency/null_lock.rb:9:in 'ActiveSupport::Concurrency::NullLock#synchronize'
activerecord (8.1.1) lib/active_record/connection_adapters/abstract_adapter.rb:715:in 'ActiveRecord::ConnectionAdapters::AbstractAdapter#reconnect!'
activerecord (8.1.1) lib/active_record/connection_adapters/abstract_adapter.rb:825:in 'block in ActiveRecord::ConnectionAdapters::AbstractAdapter#verify!'
activesupport (8.1.1) lib/active_support/concurrency/null_lock.rb:9:in 'ActiveSupport::Concurrency::NullLock#synchronize'
activerecord (8.1.1) lib/active_record/connection_adapters/abstract_adapter.rb:814:in 'ActiveRecord::ConnectionAdapters::AbstractAdapter#verify!'
activerecord (8.1.1) lib/active_record/connection_adapters/abstract_adapter.rb:834:in 'ActiveRecord::ConnectionAdapters::AbstractAdapter#connect!'
activerecord (8.1.1) lib/active_record/connection_adapters/abstract_adapter.rb:1051:in 'block in ActiveRecord::ConnectionAdapters::AbstractAdapter#with_raw_connection'
activesupport (8.1.1) lib/active_support/concurrency/null_lock.rb:9:in 'ActiveSupport::Concurrency::NullLock#synchronize'
activerecord (8.1.1) lib/active_record/connection_adapters/abstract_adapter.rb:1050:in 'ActiveRecord::ConnectionAdapters::AbstractAdapter#with_raw_connection'
activerecord (8.1.1) lib/active_record/connection_adapters/postgresql/quoting.rb:128:in 'ActiveRecord::ConnectionAdapters::PostgreSQL::Quoting#quote_string'
activerecord (8.1.1) lib/active_record/connection_adapters/abstract/quoting.rb:75:in 'ActiveRecord::ConnectionAdapters::Quoting#quote'
activerecord (8.1.1) lib/active_record/connection_adapters/postgresql/quoting.rb:122:in 'ActiveRecord::ConnectionAdapters::PostgreSQL::Quoting#quote'
activerecord (8.1.1) lib/active_record/connection_adapters/postgresql/schema_statements.rb:1180:in 'ActiveRecord::ConnectionAdapters::PostgreSQL::SchemaStatements#quoted_scope'
activerecord (8.1.1) lib/active_record/connection_adapters/postgresql/schema_statements.rb:1157:in 'ActiveRecord::ConnectionAdapters::PostgreSQL::SchemaStatements#data_source_sql'
activerecord (8.1.1) lib/active_record/connection_adapters/abstract/schema_statements.rb:61:in 'ActiveRecord::ConnectionAdapters::SchemaStatements#table_exists?'
activerecord (8.1.1) lib/active_record/schema_migration.rb:55:in 'block in ActiveRecord::SchemaMigration#create_table'
activerecord (8.1.1) lib/active_record/connection_adapters/abstract/connection_pool.rb:463:in 'ActiveRecord::ConnectionAdapters::ConnectionPool#with_connection'
activerecord (8.1.1) lib/active_record/schema_migration.rb:54:in 'ActiveRecord::SchemaMigration#create_table'
activerecord (8.1.1) lib/active_record/migration.rb:1440:in 'ActiveRecord::Migrator#initialize'
activerecord (8.1.1) lib/active_record/migration.rb:1288:in 'Class#new'
activerecord (8.1.1) lib/active_record/migration.rb:1288:in 'ActiveRecord::MigrationContext#open'
activerecord (8.1.1) lib/active_record/migration.rb:763:in 'block (2 levels) in ActiveRecord::Migration.pending_migrations'
activerecord (8.1.1) lib/active_record/migration/pending_migration_connection.rb:8:in 'ActiveRecord::PendingMigrationConnection.with_temporary_pool'
activerecord (8.1.1) lib/active_record/migration.rb:762:in 'block in ActiveRecord::Migration.pending_migrations'
activerecord (8.1.1) lib/active_record/migration.rb:761:in 'Array#each'
activerecord (8.1.1) lib/active_record/migration.rb:761:in 'ActiveRecord::Migration.pending_migrations'
activerecord (8.1.1) lib/active_record/migration.rb:740:in 'ActiveRecord::Migration.check_pending_migrations'
activerecord (8.1.1) lib/active_record/migration.rb:660:in 'block (2 levels) in ActiveRecord::Migration::CheckPending#call'
activesupport (8.1.1) lib/active_support/file_update_checker.rb:88:in 'ActiveSupport::FileUpdateChecker#execute'
activerecord (8.1.1) lib/active_record/migration.rb:665:in 'block in ActiveRecord::Migration::CheckPending#call'
activerecord (8.1.1) lib/active_record/migration.rb:657:in 'Thread::Mutex#synchronize'
activerecord (8.1.1) lib/active_record/migration.rb:657:in 'ActiveRecord::Migration::CheckPending#call'
actionpack (8.1.1) lib/action_dispatch/middleware/callbacks.rb:31:in 'block in ActionDispatch::Callbacks#call'
activesupport (8.1.1) lib/active_support/callbacks.rb:101:in 'ActiveSupport::Callbacks#run_callbacks'
actionpack (8.1.1) lib/action_dispatch/middleware/callbacks.rb:30:in 'ActionDispatch::Callbacks#call'
actionpack (8.1.1) lib/action_dispatch/middleware/executor.rb:20:in 'ActionDispatch::Executor#call'
actionpack (8.1.1) lib/action_dispatch/middleware/actionable_exceptions.rb:18:in 'ActionDispatch::ActionableExceptions#call'
actionpack (8.1.1) lib/action_dispatch/middleware/debug_exceptions.rb:31:in 'ActionDispatch::DebugExceptions#call'
web-console (4.2.1) lib/web_console/middleware.rb:132:in 'WebConsole::Middleware#call_app'
web-console (4.2.1) lib/web_console/middleware.rb:28:in 'block in WebConsole::Middleware#call'
web-console (4.2.1) lib/web_console/middleware.rb:17:in 'Kernel#catch'
web-console (4.2.1) lib/web_console/middleware.rb:17:in 'WebConsole::Middleware#call'
actionpack (8.1.1) lib/action_dispatch/middleware/show_exceptions.rb:32:in 'ActionDispatch::ShowExceptions#call'
railties (8.1.1) lib/rails/rack/logger.rb:41:in 'Rails::Rack::Logger#call_app'
railties (8.1.1) lib/rails/rack/logger.rb:29:in 'Rails::Rack::Logger#call'
propshaft (1.3.1) lib/propshaft/quiet_assets.rb:11:in 'Propshaft::QuietAssets#call'
actionpack (8.1.1) lib/action_dispatch/middleware/remote_ip.rb:98:in 'ActionDispatch::RemoteIp#call'
actionpack (8.1.1) lib/action_dispatch/middleware/request_id.rb:34:in 'ActionDispatch::RequestId#call'
rack (3.2.4) lib/rack/method_override.rb:28:in 'Rack::MethodOverride#call'
rack (3.2.4) lib/rack/runtime.rb:24:in 'Rack::Runtime#call'
actionpack (8.1.1) lib/action_dispatch/middleware/server_timing.rb:61:in 'block in ActionDispatch::ServerTiming#call'
actionpack (8.1.1) lib/action_dispatch/middleware/server_timing.rb:26:in 'ActionDispatch::ServerTiming::Subscriber#collect_events'
actionpack (8.1.1) lib/action_dispatch/middleware/server_timing.rb:60:in 'ActionDispatch::ServerTiming#call'
actionpack (8.1.1) lib/action_dispatch/middleware/executor.rb:20:in 'ActionDispatch::Executor#call'
propshaft (1.3.1) lib/propshaft/server.rb:37:in 'Propshaft::Server#call'
actionpack (8.1.1) lib/action_dispatch/middleware/static.rb:27:in 'ActionDispatch::Static#call'
rack (3.2.4) lib/rack/sendfile.rb:131:in 'Rack::Sendfile#call'
actionpack (8.1.1) lib/action_dispatch/middleware/host_authorization.rb:143:in 'ActionDispatch::HostAuthorization#call'
railties (8.1.1) lib/rails/engine.rb:534:in 'Rails::Engine#call'
puma (7.1.0) lib/puma/configuration.rb:300:in 'Puma::Configuration::ConfigMiddleware#call'
puma (7.1.0) lib/puma/request.rb:101:in 'block in Puma::Request#handle_request'
puma (7.1.0) lib/puma/thread_pool.rb:355:in 'Puma::ThreadPool#with_force_shutdown'
puma (7.1.0) lib/puma/request.rb:100:in 'Puma::Request#handle_request'
puma (7.1.0) lib/puma/server.rb:503:in 'Puma::Server#process_client'
puma (7.1.0) lib/puma/server.rb:262:in 'block in Puma::Server#run'
puma (7.1.0) lib/puma/thread_pool.rb:182:in 'block in Puma::ThreadPool#spawn_thread'

Information for cause: PG::ConnectionBad (connection to server at "localhost" (::1), port 5432 failed: fe_sendauth: no password supplied
):
  
pg-1.6.2-x64-mingw (ucrt) lib/pg/connection.rb:751:in 'PG::Connection::Pollable#polling_loop'
pg-1.6.2-x64-mingw (ucrt) lib/pg/connection.rb:795:in 'PG::Connection#async_connect_or_reset'
pg-1.6.2-x64-mingw (ucrt) lib/pg/connection.rb:951:in 'PG::Connection.connect_to_hosts'
pg-1.6.2-x64-mingw (ucrt) lib/pg/connection.rb:871:in 'PG::Connection.new'
pg-1.6.2-x64-mingw (ucrt) lib/pg.rb:88:in 'PG.connect'
activerecord (8.1.1) lib/active_record/connection_adapters/postgresql_adapter.rb:58:in 'ActiveRecord::ConnectionAdapters::PostgreSQLAdapter.new_client'
activerecord (8.1.1) lib/active_record/connection_adapters/postgresql_adapter.rb:955:in 'ActiveRecord::ConnectionAdapters::PostgreSQLAdapter#connect'
activerecord (8.1.1) lib/active_record/connection_adapters/postgresql_adapter.rb:967:in 'ActiveRecord::ConnectionAdapters::PostgreSQLAdapter#reconnect'
activerecord (8.1.1) lib/active_record/connection_adapters/abstract_adapter.rb:718:in 'block in ActiveRecord::ConnectionAdapters::AbstractAdapter#reconnect!'
activesupport (8.1.1) lib/active_support/concurrency/null_lock.rb:9:in 'ActiveSupport::Concurrency::NullLock#synchronize'
activerecord (8.1.1) lib/active_record/connection_adapters/abstract_adapter.rb:715:in 'ActiveRecord::ConnectionAdapters::AbstractAdapter#reconnect!'
activerecord (8.1.1) lib/active_record/connection_adapters/abstract_adapter.rb:825:in 'block in ActiveRecord::ConnectionAdapters::AbstractAdapter#verify!'
activesupport (8.1.1) lib/active_support/concurrency/null_lock.rb:9:in 'ActiveSupport::Concurrency::NullLock#synchronize'
activerecord (8.1.1) lib/active_record/connection_adapters/abstract_adapter.rb:814:in 'ActiveRecord::ConnectionAdapters::AbstractAdapter#verify!'
activerecord (8.1.1) lib/active_record/connection_adapters/abstract_adapter.rb:834:in 'ActiveRecord::ConnectionAdapters::AbstractAdapter#connect!'
activerecord (8.1.1) lib/active_record/connection_adapters/abstract_adapter.rb:1051:in 'block in ActiveRecord::ConnectionAdapters::AbstractAdapter#with_raw_connection'
activesupport (8.1.1) lib/active_support/concurrency/null_lock.rb:9:in 'ActiveSupport::Concurrency::NullLock#synchronize'
activerecord (8.1.1) lib/active_record/connection_adapters/abstract_adapter.rb:1050:in 'ActiveRecord::ConnectionAdapters::AbstractAdapter#with_raw_connection'
activerecord (8.1.1) lib/active_record/connection_adapters/postgresql/quoting.rb:128:in 'ActiveRecord::ConnectionAdapters::PostgreSQL::Quoting#quote_string'
activerecord (8.1.1) lib/active_record/connection_adapters/abstract/quoting.rb:75:in 'ActiveRecord::ConnectionAdapters::Quoting#quote'
activerecord (8.1.1) lib/active_record/connection_adapters/postgresql/quoting.rb:122:in 'ActiveRecord::ConnectionAdapters::PostgreSQL::Quoting#quote'
activerecord (8.1.1) lib/active_record/connection_adapters/postgresql/schema_statements.rb:1180:in 'ActiveRecord::ConnectionAdapters::PostgreSQL::SchemaStatements#quoted_scope'
activerecord (8.1.1) lib/active_record/connection_adapters/postgresql/schema_statements.rb:1157:in 'ActiveRecord::ConnectionAdapters::PostgreSQL::SchemaStatements#data_source_sql'
activerecord (8.1.1) lib/active_record/connection_adapters/abstract/schema_statements.rb:61:in 'ActiveRecord::ConnectionAdapters::SchemaStatements#table_exists?'
activerecord (8.1.1) lib/active_record/schema_migration.rb:55:in 'block in ActiveRecord::SchemaMigration#create_table'
activerecord (8.1.1) lib/active_record/connection_adapters/abstract/connection_pool.rb:463:in 'ActiveRecord::ConnectionAdapters::ConnectionPool#with_connection'
activerecord (8.1.1) lib/active_record/schema_migration.rb:54:in 'ActiveRecord::SchemaMigration#create_table'
activerecord (8.1.1) lib/active_record/migration.rb:1440:in 'ActiveRecord::Migrator#initialize'
activerecord (8.1.1) lib/active_record/migration.rb:1288:in 'Class#new'
activerecord (8.1.1) lib/active_record/migration.rb:1288:in 'ActiveRecord::MigrationContext#open'
activerecord (8.1.1) lib/active_record/migration.rb:763:in 'block (2 levels) in ActiveRecord::Migration.pending_migrations'
activerecord (8.1.1) lib/active_record/migration/pending_migration_connection.rb:8:in 'ActiveRecord::PendingMigrationConnection.with_temporary_pool'
activerecord (8.1.1) lib/active_record/migration.rb:762:in 'block in ActiveRecord::Migration.pending_migrations'
activerecord (8.1.1) lib/active_record/migration.rb:761:in 'Array#each'
activerecord (8.1.1) lib/active_record/migration.rb:761:in 'ActiveRecord::Migration.pending_migrations'
activerecord (8.1.1) lib/active_record/migration.rb:740:in 'ActiveRecord::Migration.check_pending_migrations'
activerecord (8.1.1) lib/active_record/migration.rb:660:in 'block (2 levels) in ActiveRecord::Migration::CheckPending#call'
activesupport (8.1.1) lib/active_support/file_update_checker.rb:88:in 'ActiveSupport::FileUpdateChecker#execute'
activerecord (8.1.1) lib/active_record/migration.rb:665:in 'block in ActiveRecord::Migration::CheckPending#call'
activerecord (8.1.1) lib/active_record/migration.rb:657:in 'Thread::Mutex#synchronize'
activerecord (8.1.1) lib/active_record/migration.rb:657:in 'ActiveRecord::Migration::CheckPending#call'
actionpack (8.1.1) lib/action_dispatch/middleware/callbacks.rb:31:in 'block in ActionDispatch::Callbacks#call'
activesupport (8.1.1) lib/active_support/callbacks.rb:101:in 'ActiveSupport::Callbacks#run_callbacks'
actionpack (8.1.1) lib/action_dispatch/middleware/callbacks.rb:30:in 'ActionDispatch::Callbacks#call'
actionpack (8.1.1) lib/action_dispatch/middleware/executor.rb:20:in 'ActionDispatch::Executor#call'
actionpack (8.1.1) lib/action_dispatch/middleware/actionable_exceptions.rb:18:in 'ActionDispatch::ActionableExceptions#call'
actionpack (8.1.1) lib/action_dispatch/middleware/debug_exceptions.rb:31:in 'ActionDispatch::DebugExceptions#call'
web-console (4.2.1) lib/web_console/middleware.rb:132:in 'WebConsole::Middleware#call_app'
web-console (4.2.1) lib/web_console/middleware.rb:28:in 'block in WebConsole::Middleware#call'
web-console (4.2.1) lib/web_console/middleware.rb:17:in 'Kernel#catch'
web-console (4.2.1) lib/web_console/middleware.rb:17:in 'WebConsole::Middleware#call'
actionpack (8.1.1) lib/action_dispatch/middleware/show_exceptions.rb:32:in 'ActionDispatch::ShowExceptions#call'
railties (8.1.1) lib/rails/rack/logger.rb:41:in 'Rails::Rack::Logger#call_app'
railties (8.1.1) lib/rails/rack/logger.rb:29:in 'Rails::Rack::Logger#call'
propshaft (1.3.1) lib/propshaft/quiet_assets.rb:11:in 'Propshaft::QuietAssets#call'
actionpack (8.1.1) lib/action_dispatch/middleware/remote_ip.rb:98:in 'ActionDispatch::RemoteIp#call'
actionpack (8.1.1) lib/action_dispatch/middleware/request_id.rb:34:in 'ActionDispatch::RequestId#call'
rack (3.2.4) lib/rack/method_override.rb:28:in 'Rack::MethodOverride#call'
rack (3.2.4) lib/rack/runtime.rb:24:in 'Rack::Runtime#call'
actionpack (8.1.1) lib/action_dispatch/middleware/server_timing.rb:61:in 'block in ActionDispatch::ServerTiming#call'
actionpack (8.1.1) lib/action_dispatch/middleware/server_timing.rb:26:in 'ActionDispatch::ServerTiming::Subscriber#collect_events'
actionpack (8.1.1) lib/action_dispatch/middleware/server_timing.rb:60:in 'ActionDispatch::ServerTiming#call'
actionpack (8.1.1) lib/action_dispatch/middleware/executor.rb:20:in 'ActionDispatch::Executor#call'
propshaft (1.3.1) lib/propshaft/server.rb:37:in 'Propshaft::Server#call'
actionpack (8.1.1) lib/action_dispatch/middleware/static.rb:27:in 'ActionDispatch::Static#call'
rack (3.2.4) lib/rack/sendfile.rb:131:in 'Rack::Sendfile#call'
actionpack (8.1.1) lib/action_dispatch/middleware/host_authorization.rb:143:in 'ActionDispatch::HostAuthorization#call'
railties (8.1.1) lib/rails/engine.rb:534:in 'Rails::Engine#call'
puma (7.1.0) lib/puma/configuration.rb:300:in 'Puma::Configuration::ConfigMiddleware#call'
puma (7.1.0) lib/puma/request.rb:101:in 'block in Puma::Request#handle_request'
puma (7.1.0) lib/puma/thread_pool.rb:355:in 'Puma::ThreadPool#with_force_shutdown'
puma (7.1.0) lib/puma/request.rb:100:in 'Puma::Request#handle_request'
puma (7.1.0) lib/puma/server.rb:503:in 'Puma::Server#process_client'
puma (7.1.0) lib/puma/server.rb:262:in 'block in Puma::Server#run'
puma (7.1.0) lib/puma/thread_pool.rb:182:in 'block in Puma::ThreadPool#spawn_thread'
Started GET "/favicon.ico" for ::1 at 2025-11-08 17:36:46 +0000
  
ActiveRecord::ConnectionNotEstablished (connection to server at "localhost" (::1), port 5432 failed: fe_sendauth: no password supplied
)
Caused by: PG::ConnectionBad (connection to server at "localhost" (::1), port 5432 failed: fe_sendauth: no password supplied
)

Information for: ActiveRecord::ConnectionNotEstablished (connection to server at "localhost" (::1), port 5432 failed: fe_sendauth: no password supplied
):
  
activerecord (8.1.1) lib/active_record/connection_adapters/postgresql_adapter.rb:69:in 'ActiveRecord::ConnectionAdapters::PostgreSQLAdapter.new_client'
activerecord (8.1.1) lib/active_record/connection_adapters/postgresql_adapter.rb:955:in 'ActiveRecord::ConnectionAdapters::PostgreSQLAdapter#connect'
activerecord (8.1.1) lib/active_record/connection_adapters/postgresql_adapter.rb:967:in 'ActiveRecord::ConnectionAdapters::PostgreSQLAdapter#reconnect'
activerecord (8.1.1) lib/active_record/connection_adapters/abstract_adapter.rb:718:in 'block in ActiveRecord::ConnectionAdapters::AbstractAdapter#reconnect!'
activesupport (8.1.1) lib/active_support/concurrency/null_lock.rb:9:in 'ActiveSupport::Concurrency::NullLock#synchronize'
activerecord (8.1.1) lib/active_record/connection_adapters/abstract_adapter.rb:715:in 'ActiveRecord::ConnectionAdapters::AbstractAdapter#reconnect!'
activerecord (8.1.1) lib/active_record/connection_adapters/abstract_adapter.rb:825:in 'block in ActiveRecord::ConnectionAdapters::AbstractAdapter#verify!'
activesupport (8.1.1) lib/active_support/concurrency/null_lock.rb:9:in 'ActiveSupport::Concurrency::NullLock#synchronize'
activerecord (8.1.1) lib/active_record/connection_adapters/abstract_adapter.rb:814:in 'ActiveRecord::ConnectionAdapters::AbstractAdapter#verify!'
activerecord (8.1.1) lib/active_record/connection_adapters/abstract_adapter.rb:834:in 'ActiveRecord::ConnectionAdapters::AbstractAdapter#connect!'
activerecord (8.1.1) lib/active_record/connection_adapters/abstract_adapter.rb:1051:in 'block in ActiveRecord::ConnectionAdapters::AbstractAdapter#with_raw_connection'
activesupport (8.1.1) lib/active_support/concurrency/null_lock.rb:9:in 'ActiveSupport::Concurrency::NullLock#synchronize'
activerecord (8.1.1) lib/active_record/connection_adapters/abstract_adapter.rb:1050:in 'ActiveRecord::ConnectionAdapters::AbstractAdapter#with_raw_connection'
activerecord (8.1.1) lib/active_record/connection_adapters/postgresql/quoting.rb:128:in 'ActiveRecord::ConnectionAdapters::PostgreSQL::Quoting#quote_string'
activerecord (8.1.1) lib/active_record/connection_adapters/abstract/quoting.rb:75:in 'ActiveRecord::ConnectionAdapters::Quoting#quote'
activerecord (8.1.1) lib/active_record/connection_adapters/postgresql/quoting.rb:122:in 'ActiveRecord::ConnectionAdapters::PostgreSQL::Quoting#quote'
activerecord (8.1.1) lib/active_record/connection_adapters/postgresql/schema_statements.rb:1180:in 'ActiveRecord::ConnectionAdapters::PostgreSQL::SchemaStatements#quoted_scope'
activerecord (8.1.1) lib/active_record/connection_adapters/postgresql/schema_statements.rb:1157:in 'ActiveRecord::ConnectionAdapters::PostgreSQL::SchemaStatements#data_source_sql'
activerecord (8.1.1) lib/active_record/connection_adapters/abstract/schema_statements.rb:61:in 'ActiveRecord::ConnectionAdapters::SchemaStatements#table_exists?'
activerecord (8.1.1) lib/active_record/schema_migration.rb:55:in 'block in ActiveRecord::SchemaMigration#create_table'
activerecord (8.1.1) lib/active_record/connection_adapters/abstract/connection_pool.rb:463:in 'ActiveRecord::ConnectionAdapters::ConnectionPool#with_connection'
activerecord (8.1.1) lib/active_record/schema_migration.rb:54:in 'ActiveRecord::SchemaMigration#create_table'
activerecord (8.1.1) lib/active_record/migration.rb:1440:in 'ActiveRecord::Migrator#initialize'
activerecord (8.1.1) lib/active_record/migration.rb:1288:in 'Class#new'
activerecord (8.1.1) lib/active_record/migration.rb:1288:in 'ActiveRecord::MigrationContext#open'
activerecord (8.1.1) lib/active_record/migration.rb:763:in 'block (2 levels) in ActiveRecord::Migration.pending_migrations'
activerecord (8.1.1) lib/active_record/migration/pending_migration_connection.rb:8:in 'ActiveRecord::PendingMigrationConnection.with_temporary_pool'
activerecord (8.1.1) lib/active_record/migration.rb:762:in 'block in ActiveRecord::Migration.pending_migrations'
activerecord (8.1.1) lib/active_record/migration.rb:761:in 'Array#each'
activerecord (8.1.1) lib/active_record/migration.rb:761:in 'ActiveRecord::Migration.pending_migrations'
activerecord (8.1.1) lib/active_record/migration.rb:740:in 'ActiveRecord::Migration.check_pending_migrations'
activerecord (8.1.1) lib/active_record/migration.rb:660:in 'block (2 levels) in ActiveRecord::Migration::CheckPending#call'
activesupport (8.1.1) lib/active_support/file_update_checker.rb:88:in 'ActiveSupport::FileUpdateChecker#execute'
activerecord (8.1.1) lib/active_record/migration.rb:665:in 'block in ActiveRecord::Migration::CheckPending#call'
activerecord (8.1.1) lib/active_record/migration.rb:657:in 'Thread::Mutex#synchronize'
activerecord (8.1.1) lib/active_record/migration.rb:657:in 'ActiveRecord::Migration::CheckPending#call'
actionpack (8.1.1) lib/action_dispatch/middleware/callbacks.rb:31:in 'block in ActionDispatch::Callbacks#call'
activesupport (8.1.1) lib/active_support/callbacks.rb:101:in 'ActiveSupport::Callbacks#run_callbacks'
actionpack (8.1.1) lib/action_dispatch/middleware/callbacks.rb:30:in 'ActionDispatch::Callbacks#call'
actionpack (8.1.1) lib/action_dispatch/middleware/executor.rb:20:in 'ActionDispatch::Executor#call'
actionpack (8.1.1) lib/action_dispatch/middleware/actionable_exceptions.rb:18:in 'ActionDispatch::ActionableExceptions#call'
actionpack (8.1.1) lib/action_dispatch/middleware/debug_exceptions.rb:31:in 'ActionDispatch::DebugExceptions#call'
web-console (4.2.1) lib/web_console/middleware.rb:132:in 'WebConsole::Middleware#call_app'
web-console (4.2.1) lib/web_console/middleware.rb:28:in 'block in WebConsole::Middleware#call'
web-console (4.2.1) lib/web_console/middleware.rb:17:in 'Kernel#catch'
web-console (4.2.1) lib/web_console/middleware.rb:17:in 'WebConsole::Middleware#call'
actionpack (8.1.1) lib/action_dispatch/middleware/show_exceptions.rb:32:in 'ActionDispatch::ShowExceptions#call'
railties (8.1.1) lib/rails/rack/logger.rb:41:in 'Rails::Rack::Logger#call_app'
railties (8.1.1) lib/rails/rack/logger.rb:29:in 'Rails::Rack::Logger#call'
propshaft (1.3.1) lib/propshaft/quiet_assets.rb:11:in 'Propshaft::QuietAssets#call'
actionpack (8.1.1) lib/action_dispatch/middleware/remote_ip.rb:98:in 'ActionDispatch::RemoteIp#call'
actionpack (8.1.1) lib/action_dispatch/middleware/request_id.rb:34:in 'ActionDispatch::RequestId#call'
rack (3.2.4) lib/rack/method_override.rb:28:in 'Rack::MethodOverride#call'
rack (3.2.4) lib/rack/runtime.rb:24:in 'Rack::Runtime#call'
actionpack (8.1.1) lib/action_dispatch/middleware/server_timing.rb:61:in 'block in ActionDispatch::ServerTiming#call'
actionpack (8.1.1) lib/action_dispatch/middleware/server_timing.rb:26:in 'ActionDispatch::ServerTiming::Subscriber#collect_events'
actionpack (8.1.1) lib/action_dispatch/middleware/server_timing.rb:60:in 'ActionDispatch::ServerTiming#call'
actionpack (8.1.1) lib/action_dispatch/middleware/executor.rb:20:in 'ActionDispatch::Executor#call'
propshaft (1.3.1) lib/propshaft/server.rb:37:in 'Propshaft::Server#call'
actionpack (8.1.1) lib/action_dispatch/middleware/static.rb:27:in 'ActionDispatch::Static#call'
rack (3.2.4) lib/rack/sendfile.rb:131:in 'Rack::Sendfile#call'
actionpack (8.1.1) lib/action_dispatch/middleware/host_authorization.rb:143:in 'ActionDispatch::HostAuthorization#call'
railties (8.1.1) lib/rails/engine.rb:534:in 'Rails::Engine#call'
puma (7.1.0) lib/puma/configuration.rb:300:in 'Puma::Configuration::ConfigMiddleware#call'
puma (7.1.0) lib/puma/request.rb:101:in 'block in Puma::Request#handle_request'
puma (7.1.0) lib/puma/thread_pool.rb:355:in 'Puma::ThreadPool#with_force_shutdown'
puma (7.1.0) lib/puma/request.rb:100:in 'Puma::Request#handle_request'
puma (7.1.0) lib/puma/server.rb:503:in 'Puma::Server#process_client'
puma (7.1.0) lib/puma/server.rb:262:in 'block in Puma::Server#run'
puma (7.1.0) lib/puma/thread_pool.rb:182:in 'block in Puma::ThreadPool#spawn_thread'

Information for cause: PG::ConnectionBad (connection to server at "localhost" (::1), port 5432 failed: fe_sendauth: no password supplied
):
  
pg-1.6.2-x64-mingw (ucrt) lib/pg/connection.rb:751:in 'PG::Connection::Pollable#polling_loop'
pg-1.6.2-x64-mingw (ucrt) lib/pg/connection.rb:795:in 'PG::Connection#async_connect_or_reset'
pg-1.6.2-x64-mingw (ucrt) lib/pg/connection.rb:951:in 'PG::Connection.connect_to_hosts'
pg-1.6.2-x64-mingw (ucrt) lib/pg/connection.rb:871:in 'PG::Connection.new'
pg-1.6.2-x64-mingw (ucrt) lib/pg.rb:88:in 'PG.connect'
activerecord (8.1.1) lib/active_record/connection_adapters/postgresql_adapter.rb:58:in 'ActiveRecord::ConnectionAdapters::PostgreSQLAdapter.new_client'
activerecord (8.1.1) lib/active_record/connection_adapters/postgresql_adapter.rb:955:in 'ActiveRecord::ConnectionAdapters::PostgreSQLAdapter#connect'
activerecord (8.1.1) lib/active_record/connection_adapters/postgresql_adapter.rb:967:in 'ActiveRecord::ConnectionAdapters::PostgreSQLAdapter#reconnect'
activerecord (8.1.1) lib/active_record/connection_adapters/abstract_adapter.rb:718:in 'block in ActiveRecord::ConnectionAdapters::AbstractAdapter#reconnect!'
activesupport (8.1.1) lib/active_support/concurrency/null_lock.rb:9:in 'ActiveSupport::Concurrency::NullLock#synchronize'
activerecord (8.1.1) lib/active_record/connection_adapters/abstract_adapter.rb:715:in 'ActiveRecord::ConnectionAdapters::AbstractAdapter#reconnect!'
activerecord (8.1.1) lib/active_record/connection_adapters/abstract_adapter.rb:825:in 'block in ActiveRecord::ConnectionAdapters::AbstractAdapter#verify!'
activesupport (8.1.1) lib/active_support/concurrency/null_lock.rb:9:in 'ActiveSupport::Concurrency::NullLock#synchronize'
activerecord (8.1.1) lib/active_record/connection_adapters/abstract_adapter.rb:814:in 'ActiveRecord::ConnectionAdapters::AbstractAdapter#verify!'
activerecord (8.1.1) lib/active_record/connection_adapters/abstract_adapter.rb:834:in 'ActiveRecord::ConnectionAdapters::AbstractAdapter#connect!'
activerecord (8.1.1) lib/active_record/connection_adapters/abstract_adapter.rb:1051:in 'block in ActiveRecord::ConnectionAdapters::AbstractAdapter#with_raw_connection'
activesupport (8.1.1) lib/active_support/concurrency/null_lock.rb:9:in 'ActiveSupport::Concurrency::NullLock#synchronize'
activerecord (8.1.1) lib/active_record/connection_adapters/abstract_adapter.rb:1050:in 'ActiveRecord::ConnectionAdapters::AbstractAdapter#with_raw_connection'
activerecord (8.1.1) lib/active_record/connection_adapters/postgresql/quoting.rb:128:in 'ActiveRecord::ConnectionAdapters::PostgreSQL::Quoting#quote_string'
activerecord (8.1.1) lib/active_record/connection_adapters/abstract/quoting.rb:75:in 'ActiveRecord::ConnectionAdapters::Quoting#quote'
activerecord (8.1.1) lib/active_record/connection_adapters/postgresql/quoting.rb:122:in 'ActiveRecord::ConnectionAdapters::PostgreSQL::Quoting#quote'
activerecord (8.1.1) lib/active_record/connection_adapters/postgresql/schema_statements.rb:1180:in 'ActiveRecord::ConnectionAdapters::PostgreSQL::SchemaStatements#quoted_scope'
activerecord (8.1.1) lib/active_record/connection_adapters/postgresql/schema_statements.rb:1157:in 'ActiveRecord::ConnectionAdapters::PostgreSQL::SchemaStatements#data_source_sql'
activerecord (8.1.1) lib/active_record/connection_adapters/abstract/schema_statements.rb:61:in 'ActiveRecord::ConnectionAdapters::SchemaStatements#table_exists?'
activerecord (8.1.1) lib/active_record/schema_migration.rb:55:in 'block in ActiveRecord::SchemaMigration#create_table'
activerecord (8.1.1) lib/active_record/connection_adapters/abstract/connection_pool.rb:463:in 'ActiveRecord::ConnectionAdapters::ConnectionPool#with_connection'
activerecord (8.1.1) lib/active_record/schema_migration.rb:54:in 'ActiveRecord::SchemaMigration#create_table'
activerecord (8.1.1) lib/active_record/migration.rb:1440:in 'ActiveRecord::Migrator#initialize'
activerecord (8.1.1) lib/active_record/migration.rb:1288:in 'Class#new'
activerecord (8.1.1) lib/active_record/migration.rb:1288:in 'ActiveRecord::MigrationContext#open'
activerecord (8.1.1) lib/active_record/migration.rb:763:in 'block (2 levels) in ActiveRecord::Migration.pending_migrations'
activerecord (8.1.1) lib/active_record/migration/pending_migration_connection.rb:8:in 'ActiveRecord::PendingMigrationConnection.with_temporary_pool'
activerecord (8.1.1) lib/active_record/migration.rb:762:in 'block in ActiveRecord::Migration.pending_migrations'
activerecord (8.1.1) lib/active_record/migration.rb:761:in 'Array#each'
activerecord (8.1.1) lib/active_record/migration.rb:761:in 'ActiveRecord::Migration.pending_migrations'
activerecord (8.1.1) lib/active_record/migration.rb:740:in 'ActiveRecord::Migration.check_pending_migrations'
activerecord (8.1.1) lib/active_record/migration.rb:660:in 'block (2 levels) in ActiveRecord::Migration::CheckPending#call'
activesupport (8.1.1) lib/active_support/file_update_checker.rb:88:in 'ActiveSupport::FileUpdateChecker#execute'
activerecord (8.1.1) lib/active_record/migration.rb:665:in 'block in ActiveRecord::Migration::CheckPending#call'
activerecord (8.1.1) lib/active_record/migration.rb:657:in 'Thread::Mutex#synchronize'
activerecord (8.1.1) lib/active_record/migration.rb:657:in 'ActiveRecord::Migration::CheckPending#call'
actionpack (8.1.1) lib/action_dispatch/middleware/callbacks.rb:31:in 'block in ActionDispatch::Callbacks#call'
activesupport (8.1.1) lib/active_support/callbacks.rb:101:in 'ActiveSupport::Callbacks#run_callbacks'
actionpack (8.1.1) lib/action_dispatch/middleware/callbacks.rb:30:in 'ActionDispatch::Callbacks#call'
actionpack (8.1.1) lib/action_dispatch/middleware/executor.rb:20:in 'ActionDispatch::Executor#call'
actionpack (8.1.1) lib/action_dispatch/middleware/actionable_exceptions.rb:18:in 'ActionDispatch::ActionableExceptions#call'
actionpack (8.1.1) lib/action_dispatch/middleware/debug_exceptions.rb:31:in 'ActionDispatch::DebugExceptions#call'
web-console (4.2.1) lib/web_console/middleware.rb:132:in 'WebConsole::Middleware#call_app'
web-console (4.2.1) lib/web_console/middleware.rb:28:in 'block in WebConsole::Middleware#call'
web-console (4.2.1) lib/web_console/middleware.rb:17:in 'Kernel#catch'
web-console (4.2.1) lib/web_console/middleware.rb:17:in 'WebConsole::Middleware#call'
actionpack (8.1.1) lib/action_dispatch/middleware/show_exceptions.rb:32:in 'ActionDispatch::ShowExceptions#call'
railties (8.1.1) lib/rails/rack/logger.rb:41:in 'Rails::Rack::Logger#call_app'
railties (8.1.1) lib/rails/rack/logger.rb:29:in 'Rails::Rack::Logger#call'
propshaft (1.3.1) lib/propshaft/quiet_assets.rb:11:in 'Propshaft::QuietAssets#call'
actionpack (8.1.1) lib/action_dispatch/middleware/remote_ip.rb:98:in 'ActionDispatch::RemoteIp#call'
actionpack (8.1.1) lib/action_dispatch/middleware/request_id.rb:34:in 'ActionDispatch::RequestId#call'
rack (3.2.4) lib/rack/method_override.rb:28:in 'Rack::MethodOverride#call'
rack (3.2.4) lib/rack/runtime.rb:24:in 'Rack::Runtime#call'
actionpack (8.1.1) lib/action_dispatch/middleware/server_timing.rb:61:in 'block in ActionDispatch::ServerTiming#call'
actionpack (8.1.1) lib/action_dispatch/middleware/server_timing.rb:26:in 'ActionDispatch::ServerTiming::Subscriber#collect_events'
actionpack (8.1.1) lib/action_dispatch/middleware/server_timing.rb:60:in 'ActionDispatch::ServerTiming#call'
actionpack (8.1.1) lib/action_dispatch/middleware/executor.rb:20:in 'ActionDispatch::Executor#call'
propshaft (1.3.1) lib/propshaft/server.rb:37:in 'Propshaft::Server#call'
actionpack (8.1.1) lib/action_dispatch/middleware/static.rb:27:in 'ActionDispatch::Static#call'
rack (3.2.4) lib/rack/sendfile.rb:131:in 'Rack::Sendfile#call'
actionpack (8.1.1) lib/action_dispatch/middleware/host_authorization.rb:143:in 'ActionDispatch::HostAuthorization#call'
railties (8.1.1) lib/rails/engine.rb:534:in 'Rails::Engine#call'
puma (7.1.0) lib/puma/configuration.rb:300:in 'Puma::Configuration::ConfigMiddleware#call'
puma (7.1.0) lib/puma/request.rb:101:in 'block in Puma::Request#handle_request'
puma (7.1.0) lib/puma/thread_pool.rb:355:in 'Puma::ThreadPool#with_force_shutdown'
puma (7.1.0) lib/puma/request.rb:100:in 'Puma::Request#handle_request'
puma (7.1.0) lib/puma/server.rb:503:in 'Puma::Server#process_client'
puma (7.1.0) lib/puma/server.rb:262:in 'block in Puma::Server#run'
puma (7.1.0) lib/puma/thread_pool.rb:182:in 'block in Puma::ThreadPool#spawn_thread'
  [1m[35m (210.4ms)[0m  [1m[35mCREATE DATABASE "hotel_management_development" ENCODING = 'unicode' /*application='HotelManagement'*/[0m
  [1m[35m (215.5ms)[0m  [1m[35mCREATE DATABASE "hotel_management_development" ENCODING = 'unicode' /*application='HotelManagement'*/[0m
  [1m[35mSQL (0.3ms)[0m  [1m[35mSET search_path TO public /*application='HotelManagement'*/[0m
  [1m[35m (553.2ms)[0m  [1m[35mCREATE DATABASE "hotel_management_development" ENCODING = 'unicode' /*application='HotelManagement'*/[0m
  [1m[35mSQL (0.0ms)[0m  [1m[35mSET search_path TO public /*application='HotelManagement'*/[0m
  [1m[35m (377.2ms)[0m  [1m[35mCREATE DATABASE "hotel_management_test" ENCODING = 'unicode' /*application='HotelManagement'*/[0m
  [1m[35m (12.5ms)[0m  [1m[35mCREATE TABLE "schema_migrations" ("version" character varying NOT NULL PRIMARY KEY) /*application='HotelManagement'*/[0m
  [1m[35m (4.3ms)[0m  [1m[35mCREATE TABLE "ar_internal_metadata" ("key" character varying NOT NULL PRIMARY KEY, "value" character varying, "created_at" timestamp(6) NOT NULL, "updated_at" timestamp(6) NOT NULL) /*application='HotelManagement'*/[0m
  [1m[35m (0.4ms)[0m  [1m[34mSELECT pg_try_advisory_lock(4739773896703983165) /*application='HotelManagement'*/[0m
  [1m[36mActiveRecord::SchemaMigration Load (0.8ms)[0m  [1m[34mSELECT "schema_migrations"."version" FROM "schema_migrations" ORDER BY "schema_migrations"."version" ASC /*application='HotelManagement'*/[0m
  [1m[36mActiveRecord::InternalMetadata Load (0.8ms)[0m  [1m[34mSELECT * FROM "ar_internal_metadata" WHERE "ar_internal_metadata"."key" = 'environment' ORDER BY "ar_internal_metadata"."key" ASC LIMIT 1 /*application='HotelManagement'*/[0m
  [1m[36mActiveRecord::InternalMetadata Create (3.4ms)[0m  [1m[32mINSERT INTO "ar_internal_metadata" ("key", "value", "created_at", "updated_at") VALUES ('environment', 'development', '2025-11-08 18:57:55.783709', '2025-11-08 18:57:55.783712') RETURNING "key" /*application='HotelManagement'*/[0m
  [1m[35m (0.4ms)[0m  [1m[34mSELECT pg_advisory_unlock(4739773896703983165) /*application='HotelManagement'*/[0m
  [1m[36mActiveRecord::SchemaMigration Load (0.2ms)[0m  [1m[34mSELECT "schema_migrations"."version" FROM "schema_migrations" ORDER BY "schema_migrations"."version" ASC /*application='HotelManagement'*/[0m
  [1m[35mSQL (0.1ms)[0m  [1m[35mSET search_path TO public /*application='HotelManagement'*/[0m
  [1m[35mSQL (0.4ms)[0m  [1m[35mSET search_path TO "$user", public /*application='HotelManagement'*/[0m
  [1m[35mSQL (0.1ms)[0m  [1m[35mSET search_path TO public /*application='HotelManagement'*/[0m
  [1m[35mSQL (0.1ms)[0m  [1m[35mSET search_path TO "$user", public /*application='HotelManagement'*/[0m
Started GET "/" for ::1 at 2025-11-08 18:58:20 +0000
  [1m[36mActiveRecord::SchemaMigration Load (0.9ms)[0m  [1m[34mSELECT "schema_migrations"."version" FROM "schema_migrations" ORDER BY "schema_migrations"."version" ASC /*application='HotelManagement'*/[0m
Processing by Rails::WelcomeController#index as HTML
  Rendering C:/Ruby34-x64/lib/ruby/gems/3.4.0/gems/railties-8.1.1/lib/rails/templates/rails/welcome/index.html.erb
  Rendered C:/Ruby34-x64/lib/ruby/gems/3.4.0/gems/railties-8.1.1/lib/rails/templates/rails/welcome/index.html.erb (Duration: 0.6ms | GC: 0.0ms)
Completed 200 OK in 58ms (Views: 10.5ms | ActiveRecord: 0.0ms (0 queries, 0 cached) | GC: 0.0ms)


  [1m[35m (0.1ms)[0m  [1m[34mSELECT pg_try_advisory_lock(4739773896703983165) /*application='HotelManagement'*/[0m
  [1m[36mActiveRecord::SchemaMigration Load (0.9ms)[0m  [1m[34mSELECT "schema_migrations"."version" FROM "schema_migrations" ORDER BY "schema_migrations"."version" ASC /*application='HotelManagement'*/[0m
  [1m[36mActiveRecord::InternalMetadata Load (0.9ms)[0m  [1m[34mSELECT * FROM "ar_internal_metadata" WHERE "ar_internal_metadata"."key" = 'environment' ORDER BY "ar_internal_metadata"."key" ASC LIMIT 1 /*application='HotelManagement'*/[0m
Migrating to CreateHotels (20251108191604)
  [1m[36mTRANSACTION (0.2ms)[0m  [1m[35mBEGIN /*application='HotelManagement'*/[0m
  [1m[35m (8.9ms)[0m  [1m[35mCREATE TABLE "hotels" ("id" bigserial primary key, "name" character varying, "location" character varying, "rating" integer, "description" text, "created_at" timestamp(6) NOT NULL, "updated_at" timestamp(6) NOT NULL) /*application='HotelManagement'*/[0m
  [1m[36mActiveRecord::SchemaMigration Create (0.7ms)[0m  [1m[32mINSERT INTO "schema_migrations" ("version") VALUES ('20251108191604') RETURNING "version" /*application='HotelManagement'*/[0m
  [1m[36mTRANSACTION (0.6ms)[0m  [1m[35mCOMMIT /*application='HotelManagement'*/[0m
Migrating to CreateRooms (20251108191846)
  [1m[36mTRANSACTION (0.3ms)[0m  [1m[35mBEGIN /*application='HotelManagement'*/[0m
  [1m[35m (9.4ms)[0m  [1m[35mCREATE TABLE "rooms" ("id" bigserial primary key, "number" character varying, "room_type" character varying, "price" decimal, "hotel_id" bigint NOT NULL, "created_at" timestamp(6) NOT NULL, "updated_at" timestamp(6) NOT NULL, CONSTRAINT "fk_rails_cae2c0f55d"
FOREIGN KEY ("hotel_id")
  REFERENCES "hotels" ("id")
) /*application='HotelManagement'*/[0m
  [1m[35m (1.5ms)[0m  [1m[35mCREATE INDEX "index_rooms_on_hotel_id" ON "rooms" ("hotel_id") /*application='HotelManagement'*/[0m
  [1m[36mActiveRecord::SchemaMigration Create (0.2ms)[0m  [1m[32mINSERT INTO "schema_migrations" ("version") VALUES ('20251108191846') RETURNING "version" /*application='HotelManagement'*/[0m
  [1m[36mTRANSACTION (0.3ms)[0m  [1m[35mCOMMIT /*application='HotelManagement'*/[0m
  [1m[35m (0.3ms)[0m  [1m[34mSELECT pg_advisory_unlock(4739773896703983165) /*application='HotelManagement'*/[0m
  [1m[36mActiveRecord::SchemaMigration Load (0.3ms)[0m  [1m[34mSELECT "schema_migrations"."version" FROM "schema_migrations" ORDER BY "schema_migrations"."version" ASC /*application='HotelManagement'*/[0m
  [1m[35mSQL (0.1ms)[0m  [1m[35mSET search_path TO public /*application='HotelManagement'*/[0m
  [1m[35mSQL (0.1ms)[0m  [1m[35mSET search_path TO "$user", public /*application='HotelManagement'*/[0m
  [1m[35mSQL (0.1ms)[0m  [1m[35mSET search_path TO public /*application='HotelManagement'*/[0m
  [1m[35mSQL (0.1ms)[0m  [1m[35mSET search_path TO "$user", public /*application='HotelManagement'*/[0m
Started GET "/" for ::1 at 2025-11-09 01:44:56 +0000
  [1m[36mActiveRecord::SchemaMigration Load (1.4ms)[0m  [1m[34mSELECT "schema_migrations"."version" FROM "schema_migrations" ORDER BY "schema_migrations"."version" ASC /*application='HotelManagement'*/[0m
  
ArgumentError (Reported error must be an Exception, got: #<SyntaxError:"C:/Users/joshm/hotel_management/app/controllers/hotels_controller.rb:47: syntax errors found\n  \e[2m45 | \e[m\n  \e[2m46 | \e[m  def hotel_params\n\e[1;31m> \e[m\e[2m47 | \e[m... :description)\n  \e[2m   | \e[m    \e[1;31m^\e[m unexpected symbol literal, expecting end-of-input\n  \e[2m   | \e[m    \e[1;31m^\e[m unexpected symbol literal; expected a `)` to close the arguments\n  \e[2m   | \e[m    \e[1;31m^\e[m unexpected symbol literal; expecting a message to send to the receiver\n  \e[2m   | \e[m                \e[1;31m^\e[m unexpected ')', ignoring it\n  \e[2m   | \e[m                \e[1;31m^\e[m unexpected ')', expecting end-of-input\n  \e[2m48 | \e[m  end\n  \e[2m49 | \e[m  \n">)
Caused by: SyntaxError (C:/Users/joshm/hotel_management/app/controllers/hotels_controller.rb:47: syntax errors found
  [2m45 | [m
  [2m46 | [m  def hotel_params
[1;31m> [m[2m47 | [m... :description)
  [2m   | [m    [1;31m^[m unexpected symbol literal, expecting end-of-input
  [2m   | [m    [1;31m^[m unexpected symbol literal; expected a `)` to close the arguments
  [2m   | [m    [1;31m^[m unexpected symbol literal; expecting a message to send to the receiver
  [2m   | [m                [1;31m^[m unexpected ')', ignoring it
  [2m   | [m                [1;31m^[m unexpected ')', expecting end-of-input
  [2m48 | [m  end
  [2m49 | [m  
)

Information for: ArgumentError (Reported error must be an Exception, got: #<SyntaxError:"C:/Users/joshm/hotel_management/app/controllers/hotels_controller.rb:47: syntax errors found\n  \e[2m45 | \e[m\n  \e[2m46 | \e[m  def hotel_params\n\e[1;31m> \e[m\e[2m47 | \e[m... :description)\n  \e[2m   | \e[m    \e[1;31m^\e[m unexpected symbol literal, expecting end-of-input\n  \e[2m   | \e[m    \e[1;31m^\e[m unexpected symbol literal; expected a `)` to close the arguments\n  \e[2m   | \e[m    \e[1;31m^\e[m unexpected symbol literal; expecting a message to send to the receiver\n  \e[2m   | \e[m                \e[1;31m^\e[m unexpected ')', ignoring it\n  \e[2m   | \e[m                \e[1;31m^\e[m unexpected ')', expecting end-of-input\n  \e[2m48 | \e[m  end\n  \e[2m49 | \e[m  \n">):
  
activesupport (8.1.1) lib/active_support/error_reporter.rb:235:in 'ActiveSupport::ErrorReporter#report'
actionpack (8.1.1) lib/action_dispatch/middleware/executor.rb:36:in 'ActionDispatch::Executor#call'
actionpack (8.1.1) lib/action_dispatch/middleware/actionable_exceptions.rb:18:in 'ActionDispatch::ActionableExceptions#call'
actionpack (8.1.1) lib/action_dispatch/middleware/debug_exceptions.rb:31:in 'ActionDispatch::DebugExceptions#call'
web-console (4.2.1) lib/web_console/middleware.rb:132:in 'WebConsole::Middleware#call_app'
web-console (4.2.1) lib/web_console/middleware.rb:28:in 'block in WebConsole::Middleware#call'
web-console (4.2.1) lib/web_console/middleware.rb:17:in 'Kernel#catch'
web-console (4.2.1) lib/web_console/middleware.rb:17:in 'WebConsole::Middleware#call'
actionpack (8.1.1) lib/action_dispatch/middleware/show_exceptions.rb:32:in 'ActionDispatch::ShowExceptions#call'
railties (8.1.1) lib/rails/rack/logger.rb:41:in 'Rails::Rack::Logger#call_app'
railties (8.1.1) lib/rails/rack/logger.rb:29:in 'Rails::Rack::Logger#call'
propshaft (1.3.1) lib/propshaft/quiet_assets.rb:11:in 'Propshaft::QuietAssets#call'
actionpack (8.1.1) lib/action_dispatch/middleware/remote_ip.rb:98:in 'ActionDispatch::RemoteIp#call'
actionpack (8.1.1) lib/action_dispatch/middleware/request_id.rb:34:in 'ActionDispatch::RequestId#call'
rack (3.2.4) lib/rack/method_override.rb:28:in 'Rack::MethodOverride#call'
rack (3.2.4) lib/rack/runtime.rb:24:in 'Rack::Runtime#call'
actionpack (8.1.1) lib/action_dispatch/middleware/server_timing.rb:61:in 'block in ActionDispatch::ServerTiming#call'
actionpack (8.1.1) lib/action_dispatch/middleware/server_timing.rb:26:in 'ActionDispatch::ServerTiming::Subscriber#collect_events'
actionpack (8.1.1) lib/action_dispatch/middleware/server_timing.rb:60:in 'ActionDispatch::ServerTiming#call'
actionpack (8.1.1) lib/action_dispatch/middleware/executor.rb:20:in 'ActionDispatch::Executor#call'
propshaft (1.3.1) lib/propshaft/server.rb:37:in 'Propshaft::Server#call'
actionpack (8.1.1) lib/action_dispatch/middleware/static.rb:27:in 'ActionDispatch::Static#call'
rack (3.2.4) lib/rack/sendfile.rb:131:in 'Rack::Sendfile#call'
actionpack (8.1.1) lib/action_dispatch/middleware/host_authorization.rb:143:in 'ActionDispatch::HostAuthorization#call'
railties (8.1.1) lib/rails/engine.rb:534:in 'Rails::Engine#call'
puma (7.1.0) lib/puma/configuration.rb:300:in 'Puma::Configuration::ConfigMiddleware#call'
puma (7.1.0) lib/puma/request.rb:101:in 'block in Puma::Request#handle_request'
puma (7.1.0) lib/puma/thread_pool.rb:355:in 'Puma::ThreadPool#with_force_shutdown'
puma (7.1.0) lib/puma/request.rb:100:in 'Puma::Request#handle_request'
puma (7.1.0) lib/puma/server.rb:503:in 'Puma::Server#process_client'
puma (7.1.0) lib/puma/server.rb:262:in 'block in Puma::Server#run'
puma (7.1.0) lib/puma/thread_pool.rb:182:in 'block in Puma::ThreadPool#spawn_thread'

Information for cause: SyntaxError (C:/Users/joshm/hotel_management/app/controllers/hotels_controller.rb:47: syntax errors found
  [2m45 | [m
  [2m46 | [m  def hotel_params
[1;31m> [m[2m47 | [m... :description)
  [2m   | [m    [1;31m^[m unexpected symbol literal, expecting end-of-input
  [2m   | [m    [1;31m^[m unexpected symbol literal; expected a `)` to close the arguments
  [2m   | [m    [1;31m^[m unexpected symbol literal; expecting a message to send to the receiver
  [2m   | [m                [1;31m^[m unexpected ')', ignoring it
  [2m   | [m                [1;31m^[m unexpected ')', expecting end-of-input
  [2m48 | [m  end
  [2m49 | [m  
):
  
app/controllers/hotels_controller.rb:47: syntax errors found
Started GET "/favicon.ico" for ::1 at 2025-11-09 01:44:57 +0000
  
ActionController::RoutingError (No route matches [GET] "/favicon.ico"):
  
Started GET "/" for ::1 at 2025-11-09 01:48:52 +0000
Processing by HotelsController#index as HTML
Completed 500 Internal Server Error in 173ms (ActiveRecord: 0.0ms (0 queries, 0 cached) | GC: 0.0ms)


  
ArgumentError (Unknown key: :dependant. Valid keys are: :anonymous_class, :primary_key, :foreign_key, :dependent, :validate, :inverse_of, :strict_loading, :query_constraints, :deprecated, :autosave, :class_name, :before_add, :after_add, :before_remove, :after_remove, :extend, :counter_cache, :join_table, :index_errors, :as, :through):
  
app/models/hotel.rb:2:in '<class:Hotel>'
app/models/hotel.rb:1:in '<main>'
app/controllers/hotels_controller.rb:5:in 'HotelsController#index'
Started GET "/" for ::1 at 2025-11-09 01:56:15 +0000
Processing by HotelsController#index as HTML
  Rendering layout layouts/application.html.erb
  Rendering hotels/index.html.erb within layouts/application
  [1m[36mHotel Load (94.3ms)[0m  [1m[34mSELECT "hotels".* FROM "hotels" /*action='index',application='HotelManagement',controller='hotels'*/[0m
  ↳ app/views/hotels/index.html.erb:17
  Rendered hotels/index.html.erb within layouts/application (Duration: 99.5ms | GC: 0.0ms)
  Rendered layout layouts/application.html.erb (Duration: 118.7ms | GC: 0.0ms)
Completed 200 OK in 195ms (Views: 25.5ms | ActiveRecord: 102.9ms (1 query, 0 cached) | GC: 0.0ms)


Started GET "/hotels/new" for ::1 at 2025-11-09 01:56:20 +0000
Processing by HotelsController#new as HTML
  Rendering layout layouts/application.html.erb
  Rendering hotels/new.html.erb within layouts/application
  Rendered hotels/_form.html.erb (Duration: 55.0ms | GC: 0.0ms)
  Rendered hotels/new.html.erb within layouts/application (Duration: 57.5ms | GC: 0.0ms)
  Rendered layout layouts/application.html.erb (Duration: 60.6ms | GC: 0.0ms)
Completed 200 OK in 89ms (Views: 61.2ms | ActiveRecord: 13.3ms (0 queries, 0 cached) | GC: 0.2ms)


Started GET "/hotels/new" for ::1 at 2025-11-09 01:56:24 +0000
Processing by HotelsController#new as HTML
  Rendering layout layouts/application.html.erb
  Rendering hotels/new.html.erb within layouts/application
  Rendered hotels/_form.html.erb (Duration: 1.1ms | GC: 0.0ms)
  Rendered hotels/new.html.erb within layouts/application (Duration: 1.4ms | GC: 0.0ms)
  Rendered layout layouts/application.html.erb (Duration: 2.4ms | GC: 0.0ms)
Completed 200 OK in 11ms (Views: 3.0ms | ActiveRecord: 0.0ms (0 queries, 0 cached) | GC: 0.0ms)


Started GET "/hotels/new" for ::1 at 2025-11-09 01:56:47 +0000
Processing by HotelsController#new as HTML
  Rendering layout layouts/application.html.erb
  Rendering hotels/new.html.erb within layouts/application
  Rendered hotels/_form.html.erb (Duration: 1.3ms | GC: 0.0ms)
  Rendered hotels/new.html.erb within layouts/application (Duration: 4.3ms | GC: 0.0ms)
  Rendered layout layouts/application.html.erb (Duration: 5.9ms | GC: 0.0ms)
Completed 200 OK in 18ms (Views: 8.0ms | ActiveRecord: 0.0ms (0 queries, 0 cached) | GC: 0.0ms)


Started GET "/" for ::1 at 2025-11-09 02:00:04 +0000
Processing by HotelsController#index as HTML
  Rendering layout layouts/application.html.erb
  Rendering hotels/index.html.erb within layouts/application
  [1m[36mHotel Load (0.3ms)[0m  [1m[34mSELECT "hotels".* FROM "hotels" /*action='index',application='HotelManagement',controller='hotels'*/[0m
  ↳ app/views/hotels/index.html.erb:17
  Rendered hotels/index.html.erb within layouts/application (Duration: 2.0ms | GC: 0.0ms)
  Rendered layout layouts/application.html.erb (Duration: 9.9ms | GC: 0.0ms)
Completed 200 OK in 18ms (Views: 10.2ms | ActiveRecord: 0.3ms (1 query, 0 cached) | GC: 0.0ms)


Started GET "/" for ::1 at 2025-11-09 02:00:05 +0000
Processing by HotelsController#index as HTML
  Rendering layout layouts/application.html.erb
  Rendering hotels/index.html.erb within layouts/application
  [1m[36mHotel Load (0.4ms)[0m  [1m[34mSELECT "hotels".* FROM "hotels" /*action='index',application='HotelManagement',controller='hotels'*/[0m
  ↳ app/views/hotels/index.html.erb:17
  Rendered hotels/index.html.erb within layouts/application (Duration: 2.3ms | GC: 0.0ms)
  Rendered layout layouts/application.html.erb (Duration: 3.6ms | GC: 0.0ms)
Completed 200 OK in 12ms (Views: 3.8ms | ActiveRecord: 0.4ms (1 query, 0 cached) | GC: 0.0ms)


Started GET "/" for ::1 at 2025-11-09 02:00:06 +0000
Processing by HotelsController#index as HTML
  Rendering layout layouts/application.html.erb
  Rendering hotels/index.html.erb within layouts/application
  [1m[36mHotel Load (0.4ms)[0m  [1m[34mSELECT "hotels".* FROM "hotels" /*action='index',application='HotelManagement',controller='hotels'*/[0m
  ↳ app/views/hotels/index.html.erb:17
  Rendered hotels/index.html.erb within layouts/application (Duration: 2.0ms | GC: 0.0ms)
  Rendered layout layouts/application.html.erb (Duration: 3.6ms | GC: 0.0ms)
Completed 200 OK in 12ms (Views: 3.8ms | ActiveRecord: 0.3ms (1 query, 0 cached) | GC: 0.0ms)


Started GET "/" for ::1 at 2025-11-09 02:08:24 +0000
Processing by HotelsController#index as HTML
  Rendering layout layouts/application.html.erb
  Rendering hotels/index.html.erb within layouts/application
  [1m[36mHotel Load (90.9ms)[0m  [1m[34mSELECT "hotels".* FROM "hotels" /*action='index',application='HotelManagement',controller='hotels'*/[0m
  ↳ app/views/hotels/index.html.erb:17
  Rendered hotels/index.html.erb within layouts/application (Duration: 94.5ms | GC: 0.0ms)
  Rendered layout layouts/application.html.erb (Duration: 98.2ms | GC: 0.0ms)
Completed 500 Internal Server Error in 118ms (ActiveRecord: 95.6ms (1 query, 0 cached) | GC: 0.0ms)


  
ActionView::Template::Error (The asset 'application.css' was not found in the load path.)
Caused by: Propshaft::MissingAssetError (The asset 'application.css' was not found in the load path.)

Information for: ActionView::Template::Error (The asset 'application.css' was not found in the load path.):
    14:   <script src="https://cdn.jsdelivr.net/npm/bootstrap@5.3.3/dist/js/bootstrap.bundle.min.js"></script>
    15: 
    16:   <%= stylesheet_link_tag "application", "data-turbo-track": "reload" %>
    17:   <%= javascript_importmap_tags %>
    18:   
    19:     <%= yield :head %>
    20: 
  
app/views/layouts/application.html.erb:17

Information for cause: Propshaft::MissingAssetError (The asset 'application.css' was not found in the load path.):
  
app/views/layouts/application.html.erb:17
Started GET "/" for ::1 at 2025-11-09 02:15:03 +0000
Processing by HotelsController#index as HTML
  Rendering layout layouts/application.html.erb
  Rendering hotels/index.html.erb within layouts/application
  [1m[36mHotel Load (91.7ms)[0m  [1m[34mSELECT "hotels".* FROM "hotels" /*action='index',application='HotelManagement',controller='hotels'*/[0m
  ↳ app/views/hotels/index.html.erb:17
  Rendered hotels/index.html.erb within layouts/application (Duration: 97.2ms | GC: 0.0ms)
  Rendered layout layouts/application.html.erb (Duration: 101.4ms | GC: 0.0ms)
Completed 500 Internal Server Error in 123ms (ActiveRecord: 96.6ms (1 query, 0 cached) | GC: 0.0ms)


  
ActionView::Template::Error (The asset 'application.css' was not found in the load path.)
Caused by: Propshaft::MissingAssetError (The asset 'application.css' was not found in the load path.)

Information for: ActionView::Template::Error (The asset 'application.css' was not found in the load path.):
    20: 
    21:     <%# Includes all stylesheet files in app/assets/stylesheets %>
    22:     <%= stylesheet_link_tag "application", "data-turbo-track": "reload" %>
    23:     <%= javascript_importmap_tags %>
    24:   </head>
    25: 
    26:   <body>
  
app/views/layouts/application.html.erb:23

Information for cause: Propshaft::MissingAssetError (The asset 'application.css' was not found in the load path.):
  
app/views/layouts/application.html.erb:23
Started GET "/" for ::1 at 2025-11-09 02:15:18 +0000
Processing by HotelsController#index as HTML
  Rendering layout layouts/application.html.erb
  Rendering hotels/index.html.erb within layouts/application
  [1m[36mHotel Load (0.3ms)[0m  [1m[34mSELECT "hotels".* FROM "hotels" /*action='index',application='HotelManagement',controller='hotels'*/[0m
  ↳ app/views/hotels/index.html.erb:17
  Rendered hotels/index.html.erb within layouts/application (Duration: 2.4ms | GC: 0.0ms)
  Rendered layout layouts/application.html.erb (Duration: 9.3ms | GC: 0.0ms)
Completed 200 OK in 30ms (Views: 16.1ms | ActiveRecord: 0.3ms (1 query, 0 cached) | GC: 0.0ms)


Started GET "/" for ::1 at 2025-11-09 02:15:20 +0000
Processing by HotelsController#index as HTML
  Rendering layout layouts/application.html.erb
  Rendering hotels/index.html.erb within layouts/application
  [1m[36mHotel Load (0.2ms)[0m  [1m[34mSELECT "hotels".* FROM "hotels" /*action='index',application='HotelManagement',controller='hotels'*/[0m
  ↳ app/views/hotels/index.html.erb:17
  Rendered hotels/index.html.erb within layouts/application (Duration: 2.3ms | GC: 0.0ms)
  Rendered layout layouts/application.html.erb (Duration: 3.7ms | GC: 0.0ms)
Completed 200 OK in 13ms (Views: 4.1ms | ActiveRecord: 0.2ms (1 query, 0 cached) | GC: 0.0ms)


Started GET "/" for ::1 at 2025-11-09 02:16:39 +0000
Processing by HotelsController#index as HTML
  Rendering layout layouts/application.html.erb
  Rendering hotels/index.html.erb within layouts/application
  [1m[36mHotel Load (0.3ms)[0m  [1m[34mSELECT "hotels".* FROM "hotels" /*action='index',application='HotelManagement',controller='hotels'*/[0m
  ↳ app/views/hotels/index.html.erb:17
  Rendered hotels/index.html.erb within layouts/application (Duration: 2.5ms | GC: 0.0ms)
  Rendered layout layouts/application.html.erb (Duration: 8.4ms | GC: 0.0ms)
Completed 200 OK in 28ms (Views: 15.1ms | ActiveRecord: 0.3ms (1 query, 0 cached) | GC: 0.0ms)


Started GET "/" for ::1 at 2025-11-09 02:28:02 +0000
Processing by HotelsController#index as HTML
  Rendering layout layouts/application.html.erb
  Rendering hotels/index.html.erb within layouts/application
  [1m[36mHotel Load (196.6ms)[0m  [1m[34mSELECT "hotels".* FROM "hotels" /*action='index',application='HotelManagement',controller='hotels'*/[0m
  ↳ app/views/hotels/index.html.erb:17
  Rendered hotels/index.html.erb within layouts/application (Duration: 200.3ms | GC: 0.0ms)
  Rendered layout layouts/application.html.erb (Duration: 208.7ms | GC: 0.0ms)
Completed 200 OK in 229ms (Views: 14.1ms | ActiveRecord: 201.8ms (1 query, 0 cached) | GC: 0.0ms)


Started GET "/hotels" for ::1 at 2025-11-09 02:28:10 +0000
Processing by HotelsController#index as HTML
  Rendering layout layouts/application.html.erb
  Rendering hotels/index.html.erb within layouts/application
  [1m[36mHotel Load (0.4ms)[0m  [1m[34mSELECT "hotels".* FROM "hotels" /*action='index',application='HotelManagement',controller='hotels'*/[0m
  ↳ app/views/hotels/index.html.erb:17
  Rendered hotels/index.html.erb within layouts/application (Duration: 3.8ms | GC: 0.0ms)
  Rendered layout layouts/application.html.erb (Duration: 5.4ms | GC: 0.0ms)
Completed 200 OK in 14ms (Views: 5.7ms | ActiveRecord: 0.4ms (1 query, 0 cached) | GC: 0.0ms)


Started GET "/hotels/new" for ::1 at 2025-11-09 02:37:35 +0000
Processing by HotelsController#new as HTML
  Rendering layout layouts/application.html.erb
  Rendering hotels/new.html.erb within layouts/application
  Rendered hotels/_form.html.erb (Duration: 2.5ms | GC: 0.0ms)
  Rendered hotels/new.html.erb within layouts/application (Duration: 5.3ms | GC: 0.0ms)
  Rendered layout layouts/application.html.erb (Duration: 7.7ms | GC: 0.0ms)
Completed 200 OK in 128ms (Views: 8.4ms | ActiveRecord: 18.5ms (0 queries, 0 cached) | GC: 0.0ms)


Started POST "/hotels" for ::1 at 2025-11-09 02:38:17 +0000
Processing by HotelsController#create as HTML
  Parameters: {"authenticity_token" => "[FILTERED]", "hotel" => {"name" => "Apahotel", "location" => "Asakusa-Kaminarimon", "rating" => "3", "description" => "Asakusa Kaminarimon close to Asakusa station"}, "commit" => "Create Hotel"}
  [1m[36mTRANSACTION (0.2ms)[0m  [1m[35mBEGIN /*action='create',application='HotelManagement',controller='hotels'*/[0m
  ↳ app/controllers/hotels_controller.rb:20:in 'HotelsController#create'
  [1m[36mHotel Create (8.9ms)[0m  [1m[32mINSERT INTO "hotels" ("name", "location", "rating", "description", "created_at", "updated_at") VALUES ('Apahotel', 'Asakusa-Kaminarimon', 3, 'Asakusa Kaminarimon close to Asakusa station', '2025-11-09 02:38:17.428924', '2025-11-09 02:38:17.428924') RETURNING "id" /*action='create',application='HotelManagement',controller='hotels'*/[0m
  ↳ app/controllers/hotels_controller.rb:20:in 'HotelsController#create'
  [1m[36mTRANSACTION (0.4ms)[0m  [1m[35mCOMMIT /*action='create',application='HotelManagement',controller='hotels'*/[0m
  ↳ app/controllers/hotels_controller.rb:20:in 'HotelsController#create'
Redirected to http://localhost:3000/hotels/1
↳ app/controllers/hotels_controller.rb:21:in 'HotelsController#create'
Completed 302 Found in 27ms (ActiveRecord: 9.4ms (1 query, 0 cached) | GC: 0.0ms)


Started GET "/hotels/1" for ::1 at 2025-11-09 02:38:17 +0000
Processing by HotelsController#show as HTML
  Parameters: {"id" => "1"}
  [1m[36mHotel Load (0.5ms)[0m  [1m[34mSELECT "hotels".* FROM "hotels" WHERE "hotels"."id" = 1 LIMIT 1 /*action='show',application='HotelManagement',controller='hotels'*/[0m
  ↳ app/controllers/hotels_controller.rb:43:in 'HotelsController#set_hotel'
  Rendering layout layouts/application.html.erb
  Rendering hotels/show.html.erb within layouts/application
  Rendered hotels/show.html.erb within layouts/application (Duration: 0.8ms | GC: 0.0ms)
  Rendered layout layouts/application.html.erb (Duration: 2.2ms | GC: 0.0ms)
Completed 200 OK in 25ms (Views: 2.8ms | ActiveRecord: 0.5ms (1 query, 0 cached) | GC: 0.0ms)


Started GET "/hotels/1/edit" for ::1 at 2025-11-09 02:38:28 +0000
Processing by HotelsController#edit as HTML
  Parameters: {"id" => "1"}
  [1m[36mHotel Load (0.3ms)[0m  [1m[34mSELECT "hotels".* FROM "hotels" WHERE "hotels"."id" = 1 LIMIT 1 /*action='edit',application='HotelManagement',controller='hotels'*/[0m
  ↳ app/controllers/hotels_controller.rb:43:in 'HotelsController#set_hotel'
  Rendering layout layouts/application.html.erb
  Rendering hotels/edit.html.erb within layouts/application
  Rendered hotels/_form.html.erb (Duration: 1.5ms | GC: 0.0ms)
  Rendered hotels/edit.html.erb within layouts/application (Duration: 2.3ms | GC: 0.0ms)
  Rendered layout layouts/application.html.erb (Duration: 3.8ms | GC: 0.0ms)
Completed 200 OK in 17ms (Views: 4.4ms | ActiveRecord: 0.3ms (1 query, 0 cached) | GC: 0.0ms)


Started PATCH "/hotels/1" for ::1 at 2025-11-09 02:38:29 +0000
Processing by HotelsController#update as HTML
  Parameters: {"authenticity_token" => "[FILTERED]", "hotel" => {"name" => "Apahotel", "location" => "Asakusa-Kaminarimon", "rating" => "3", "description" => "Asakusa Kaminarimon close to Asakusa station"}, "commit" => "Update Hotel", "id" => "1"}
  [1m[36mHotel Load (0.3ms)[0m  [1m[34mSELECT "hotels".* FROM "hotels" WHERE "hotels"."id" = 1 LIMIT 1 /*action='update',application='HotelManagement',controller='hotels'*/[0m
  ↳ app/controllers/hotels_controller.rb:43:in 'HotelsController#set_hotel'
Redirected to http://localhost:3000/hotels/1
↳ app/controllers/hotels_controller.rb:29:in 'HotelsController#update'
Completed 302 Found in 12ms (ActiveRecord: 0.3ms (1 query, 0 cached) | GC: 0.0ms)


Started GET "/hotels/1" for ::1 at 2025-11-09 02:38:29 +0000
Processing by HotelsController#show as HTML
  Parameters: {"id" => "1"}
  [1m[36mHotel Load (0.4ms)[0m  [1m[34mSELECT "hotels".* FROM "hotels" WHERE "hotels"."id" = 1 LIMIT 1 /*action='show',application='HotelManagement',controller='hotels'*/[0m
  ↳ app/controllers/hotels_controller.rb:43:in 'HotelsController#set_hotel'
  Rendering layout layouts/application.html.erb
  Rendering hotels/show.html.erb within layouts/application
  Rendered hotels/show.html.erb within layouts/application (Duration: 0.2ms | GC: 0.0ms)
  Rendered layout layouts/application.html.erb (Duration: 1.4ms | GC: 0.0ms)
Completed 200 OK in 13ms (Views: 2.1ms | ActiveRecord: 0.4ms (1 query, 0 cached) | GC: 0.0ms)


Started GET "/hotels" for ::1 at 2025-11-09 02:38:30 +0000
Processing by HotelsController#index as HTML
  Rendering layout layouts/application.html.erb
  Rendering hotels/index.html.erb within layouts/application
  [1m[36mHotel Load (0.4ms)[0m  [1m[34mSELECT "hotels".* FROM "hotels" /*action='index',application='HotelManagement',controller='hotels'*/[0m
  ↳ app/views/hotels/index.html.erb:17
  Rendered hotels/index.html.erb within layouts/application (Duration: 2.7ms | GC: 0.0ms)
  Rendered layout layouts/application.html.erb (Duration: 4.0ms | GC: 0.0ms)
Completed 200 OK in 13ms (Views: 4.3ms | ActiveRecord: 0.3ms (1 query, 0 cached) | GC: 0.0ms)


Started GET "/hotels/1/edit" for ::1 at 2025-11-09 02:38:35 +0000
Processing by HotelsController#edit as HTML
  Parameters: {"id" => "1"}
  [1m[36mHotel Load (0.5ms)[0m  [1m[34mSELECT "hotels".* FROM "hotels" WHERE "hotels"."id" = 1 LIMIT 1 /*action='edit',application='HotelManagement',controller='hotels'*/[0m
  ↳ app/controllers/hotels_controller.rb:43:in 'HotelsController#set_hotel'
  Rendering layout layouts/application.html.erb
  Rendering hotels/edit.html.erb within layouts/application
  Rendered hotels/_form.html.erb (Duration: 1.2ms | GC: 0.0ms)
  Rendered hotels/edit.html.erb within layouts/application (Duration: 1.5ms | GC: 0.0ms)
  Rendered layout layouts/application.html.erb (Duration: 2.6ms | GC: 0.0ms)
Completed 200 OK in 13ms (Views: 3.5ms | ActiveRecord: 0.5ms (1 query, 0 cached) | GC: 0.0ms)


Started PATCH "/hotels/1" for ::1 at 2025-11-09 02:38:37 +0000
Processing by HotelsController#update as HTML
  Parameters: {"authenticity_token" => "[FILTERED]", "hotel" => {"name" => "Apahotel", "location" => "Asakusa-Kaminarimon", "rating" => "3", "description" => "Asakusa Kaminarimon close to Asakusa station"}, "commit" => "Update Hotel", "id" => "1"}
  [1m[36mHotel Load (0.4ms)[0m  [1m[34mSELECT "hotels".* FROM "hotels" WHERE "hotels"."id" = 1 LIMIT 1 /*action='update',application='HotelManagement',controller='hotels'*/[0m
  ↳ app/controllers/hotels_controller.rb:43:in 'HotelsController#set_hotel'
Redirected to http://localhost:3000/hotels/1
↳ app/controllers/hotels_controller.rb:29:in 'HotelsController#update'
Completed 302 Found in 12ms (ActiveRecord: 0.4ms (1 query, 0 cached) | GC: 0.0ms)


Started GET "/hotels/1" for ::1 at 2025-11-09 02:38:37 +0000
Processing by HotelsController#show as HTML
  Parameters: {"id" => "1"}
  [1m[36mHotel Load (0.4ms)[0m  [1m[34mSELECT "hotels".* FROM "hotels" WHERE "hotels"."id" = 1 LIMIT 1 /*action='show',application='HotelManagement',controller='hotels'*/[0m
  ↳ app/controllers/hotels_controller.rb:43:in 'HotelsController#set_hotel'
  Rendering layout layouts/application.html.erb
  Rendering hotels/show.html.erb within layouts/application
  Rendered hotels/show.html.erb within layouts/application (Duration: 0.3ms | GC: 0.0ms)
  Rendered layout layouts/application.html.erb (Duration: 1.6ms | GC: 0.0ms)
Completed 200 OK in 14ms (Views: 2.4ms | ActiveRecord: 0.4ms (1 query, 0 cached) | GC: 0.0ms)


Started GET "/hotels" for ::1 at 2025-11-09 02:38:39 +0000
Processing by HotelsController#index as HTML
  Rendering layout layouts/application.html.erb
  Rendering hotels/index.html.erb within layouts/application
  [1m[36mHotel Load (0.3ms)[0m  [1m[34mSELECT "hotels".* FROM "hotels" /*action='index',application='HotelManagement',controller='hotels'*/[0m
  ↳ app/views/hotels/index.html.erb:17
  Rendered hotels/index.html.erb within layouts/application (Duration: 2.1ms | GC: 0.0ms)
  Rendered layout layouts/application.html.erb (Duration: 3.6ms | GC: 0.0ms)
Completed 200 OK in 12ms (Views: 4.0ms | ActiveRecord: 0.3ms (1 query, 0 cached) | GC: 0.0ms)


Started GET "/hotels/1/rooms" for ::1 at 2025-11-09 02:38:40 +0000
Processing by RoomsController#index as HTML
  Parameters: {"hotel_id" => "1"}
  [1m[36mHotel Load (0.3ms)[0m  [1m[34mSELECT "hotels".* FROM "hotels" WHERE "hotels"."id" = 1 LIMIT 1 /*action='index',application='HotelManagement',controller='rooms'*/[0m
  ↳ app/controllers/rooms_controller.rb:44:in 'RoomsController#set_hotel'
  Rendering layout layouts/application.html.erb
  Rendering rooms/index.html.erb within layouts/application
  [1m[36mRoom Load (1.7ms)[0m  [1m[34mSELECT "rooms".* FROM "rooms" WHERE "rooms"."hotel_id" = 1 /*action='index',application='HotelManagement',controller='rooms'*/[0m
  ↳ app/views/rooms/index.html.erb:20
  Rendered rooms/index.html.erb within layouts/application (Duration: 23.2ms | GC: 0.0ms)
  Rendered layout layouts/application.html.erb (Duration: 25.6ms | GC: 0.0ms)
Completed 200 OK in 85ms (Views: 28.7ms | ActiveRecord: 3.4ms (2 queries, 0 cached) | GC: 0.0ms)


Started GET "/hotels/1/rooms/new" for ::1 at 2025-11-09 02:38:42 +0000
Processing by RoomsController#new as HTML
  Parameters: {"hotel_id" => "1"}
  [1m[36mHotel Load (0.3ms)[0m  [1m[34mSELECT "hotels".* FROM "hotels" WHERE "hotels"."id" = 1 LIMIT 1 /*action='new',application='HotelManagement',controller='rooms'*/[0m
  ↳ app/controllers/rooms_controller.rb:44:in 'RoomsController#set_hotel'
  Rendering layout layouts/application.html.erb
  Rendering rooms/new.html.erb within layouts/application
  Rendered rooms/_form.html.erb (Duration: 8.2ms | GC: 0.0ms)
  Rendered rooms/new.html.erb within layouts/application (Duration: 10.8ms | GC: 0.0ms)
  Rendered layout layouts/application.html.erb (Duration: 12.2ms | GC: 0.0ms)
Completed 200 OK in 43ms (Views: 13.0ms | ActiveRecord: 0.3ms (1 query, 0 cached) | GC: 0.0ms)


Started POST "/hotels/1/rooms" for ::1 at 2025-11-09 02:39:08 +0000
Processing by RoomsController#create as HTML
  Parameters: {"authenticity_token" => "[FILTERED]", "room" => {"number" => "1", "room_type" => "Double", "price" => "45000"}, "commit" => "Create Room", "hotel_id" => "1"}
  [1m[36mHotel Load (0.3ms)[0m  [1m[34mSELECT "hotels".* FROM "hotels" WHERE "hotels"."id" = 1 LIMIT 1 /*action='create',application='HotelManagement',controller='rooms'*/[0m
  ↳ app/controllers/rooms_controller.rb:44:in 'RoomsController#set_hotel'
  [1m[36mTRANSACTION (0.1ms)[0m  [1m[35mBEGIN /*action='create',application='HotelManagement',controller='rooms'*/[0m
  ↳ app/controllers/rooms_controller.rb:21:in 'RoomsController#create'
  [1m[36mRoom Create (4.9ms)[0m  [1m[32mINSERT INTO "rooms" ("number", "room_type", "price", "hotel_id", "created_at", "updated_at") VALUES ('1', 'Double', 45000.0, 1, '2025-11-09 02:39:08.185535', '2025-11-09 02:39:08.185535') RETURNING "id" /*action='create',application='HotelManagement',controller='rooms'*/[0m
  ↳ app/controllers/rooms_controller.rb:21:in 'RoomsController#create'
  [1m[36mTRANSACTION (0.3ms)[0m  [1m[35mCOMMIT /*action='create',application='HotelManagement',controller='rooms'*/[0m
  ↳ app/controllers/rooms_controller.rb:21:in 'RoomsController#create'
Redirected to http://localhost:3000/hotels/1/rooms
↳ app/controllers/rooms_controller.rb:22:in 'RoomsController#create'
Completed 302 Found in 23ms (ActiveRecord: 5.6ms (2 queries, 0 cached) | GC: 0.0ms)


Started GET "/hotels/1/rooms" for ::1 at 2025-11-09 02:39:08 +0000
Processing by RoomsController#index as HTML
  Parameters: {"hotel_id" => "1"}
  [1m[36mHotel Load (0.4ms)[0m  [1m[34mSELECT "hotels".* FROM "hotels" WHERE "hotels"."id" = 1 LIMIT 1 /*action='index',application='HotelManagement',controller='rooms'*/[0m
  ↳ app/controllers/rooms_controller.rb:44:in 'RoomsController#set_hotel'
  Rendering layout layouts/application.html.erb
  Rendering rooms/index.html.erb within layouts/application
  [1m[36mRoom Load (0.5ms)[0m  [1m[34mSELECT "rooms".* FROM "rooms" WHERE "rooms"."hotel_id" = 1 /*action='index',application='HotelManagement',controller='rooms'*/[0m
  ↳ app/views/rooms/index.html.erb:20
  Rendered rooms/index.html.erb within layouts/application (Duration: 3.3ms | GC: 0.0ms)
  Rendered layout layouts/application.html.erb (Duration: 4.5ms | GC: 0.0ms)
Completed 200 OK in 16ms (Views: 4.6ms | ActiveRecord: 0.9ms (2 queries, 0 cached) | GC: 0.0ms)


Started GET "/hotels/1/rooms/1/edit" for ::1 at 2025-11-09 02:39:18 +0000
Processing by RoomsController#edit as HTML
  Parameters: {"hotel_id" => "1", "id" => "1"}
  [1m[36mHotel Load (0.4ms)[0m  [1m[34mSELECT "hotels".* FROM "hotels" WHERE "hotels"."id" = 1 LIMIT 1 /*action='edit',application='HotelManagement',controller='rooms'*/[0m
  ↳ app/controllers/rooms_controller.rb:44:in 'RoomsController#set_hotel'
  [1m[36mRoom Load (0.2ms)[0m  [1m[34mSELECT "rooms".* FROM "rooms" WHERE "rooms"."hotel_id" = 1 AND "rooms"."id" = 1 LIMIT 1 /*action='edit',application='HotelManagement',controller='rooms'*/[0m
  ↳ app/controllers/rooms_controller.rb:48:in 'RoomsController#set_room'
  Rendering layout layouts/application.html.erb
  Rendering rooms/edit.html.erb within layouts/application
  Rendered rooms/_form.html.erb (Duration: 1.3ms | GC: 0.0ms)
  Rendered rooms/edit.html.erb within layouts/application (Duration: 2.0ms | GC: 0.0ms)
  Rendered layout layouts/application.html.erb (Duration: 3.1ms | GC: 0.0ms)
Completed 200 OK in 19ms (Views: 3.7ms | ActiveRecord: 0.6ms (2 queries, 0 cached) | GC: 0.0ms)


Started PATCH "/hotels/1/rooms/1" for ::1 at 2025-11-09 02:39:22 +0000
Processing by RoomsController#update as HTML
  Parameters: {"authenticity_token" => "[FILTERED]", "room" => {"number" => "1", "room_type" => "Double", "price" => "300.0"}, "commit" => "Update Room", "hotel_id" => "1", "id" => "1"}
  [1m[36mHotel Load (0.4ms)[0m  [1m[34mSELECT "hotels".* FROM "hotels" WHERE "hotels"."id" = 1 LIMIT 1 /*action='update',application='HotelManagement',controller='rooms'*/[0m
  ↳ app/controllers/rooms_controller.rb:44:in 'RoomsController#set_hotel'
  [1m[36mRoom Load (0.2ms)[0m  [1m[34mSELECT "rooms".* FROM "rooms" WHERE "rooms"."hotel_id" = 1 AND "rooms"."id" = 1 LIMIT 1 /*action='update',application='HotelManagement',controller='rooms'*/[0m
  ↳ app/controllers/rooms_controller.rb:48:in 'RoomsController#set_room'
  [1m[36mTRANSACTION (0.1ms)[0m  [1m[35mBEGIN /*action='update',application='HotelManagement',controller='rooms'*/[0m
  ↳ app/controllers/rooms_controller.rb:29:in 'RoomsController#update'
  [1m[36mRoom Update (4.0ms)[0m  [1m[33mUPDATE "rooms" SET "price" = 300.0, "updated_at" = '2025-11-09 02:39:23.002924' WHERE "rooms"."id" = 1 /*action='update',application='HotelManagement',controller='rooms'*/[0m
  ↳ app/controllers/rooms_controller.rb:29:in 'RoomsController#update'
  [1m[36mTRANSACTION (0.2ms)[0m  [1m[35mCOMMIT /*action='update',application='HotelManagement',controller='rooms'*/[0m
  ↳ app/controllers/rooms_controller.rb:29:in 'RoomsController#update'
Redirected to http://localhost:3000/hotels/1/rooms
↳ app/controllers/rooms_controller.rb:30:in 'RoomsController#update'
Completed 302 Found in 24ms (ActiveRecord: 4.9ms (3 queries, 0 cached) | GC: 0.0ms)


Started GET "/hotels/1/rooms" for ::1 at 2025-11-09 02:39:23 +0000
Processing by RoomsController#index as HTML
  Parameters: {"hotel_id" => "1"}
  [1m[36mHotel Load (0.4ms)[0m  [1m[34mSELECT "hotels".* FROM "hotels" WHERE "hotels"."id" = 1 LIMIT 1 /*action='index',application='HotelManagement',controller='rooms'*/[0m
  ↳ app/controllers/rooms_controller.rb:44:in 'RoomsController#set_hotel'
  Rendering layout layouts/application.html.erb
  Rendering rooms/index.html.erb within layouts/application
  [1m[36mRoom Load (0.3ms)[0m  [1m[34mSELECT "rooms".* FROM "rooms" WHERE "rooms"."hotel_id" = 1 /*action='index',application='HotelManagement',controller='rooms'*/[0m
  ↳ app/views/rooms/index.html.erb:20
  Rendered rooms/index.html.erb within layouts/application (Duration: 2.3ms | GC: 0.0ms)
  Rendered layout layouts/application.html.erb (Duration: 3.6ms | GC: 0.0ms)
Completed 200 OK in 15ms (Views: 3.9ms | ActiveRecord: 0.7ms (2 queries, 0 cached) | GC: 0.0ms)


Started GET "/hotels" for ::1 at 2025-11-09 02:39:25 +0000
Processing by HotelsController#index as HTML
  Rendering layout layouts/application.html.erb
  Rendering hotels/index.html.erb within layouts/application
  [1m[36mHotel Load (0.3ms)[0m  [1m[34mSELECT "hotels".* FROM "hotels" /*action='index',application='HotelManagement',controller='hotels'*/[0m
  ↳ app/views/hotels/index.html.erb:17
  Rendered hotels/index.html.erb within layouts/application (Duration: 2.1ms | GC: 0.0ms)
  Rendered layout layouts/application.html.erb (Duration: 3.3ms | GC: 0.0ms)
Completed 200 OK in 12ms (Views: 3.6ms | ActiveRecord: 0.3ms (1 query, 0 cached) | GC: 0.0ms)


Started GET "/hotels/1" for ::1 at 2025-11-09 02:40:10 +0000
Processing by HotelsController#show as HTML
  Parameters: {"id" => "1"}
  [1m[36mHotel Load (0.4ms)[0m  [1m[34mSELECT "hotels".* FROM "hotels" WHERE "hotels"."id" = 1 LIMIT 1 /*action='show',application='HotelManagement',controller='hotels'*/[0m
  ↳ app/controllers/hotels_controller.rb:43:in 'HotelsController#set_hotel'
  Rendering layout layouts/application.html.erb
  Rendering hotels/show.html.erb within layouts/application
  Rendered hotels/show.html.erb within layouts/application (Duration: 0.2ms | GC: 0.0ms)
  Rendered layout layouts/application.html.erb (Duration: 1.3ms | GC: 0.0ms)
Completed 200 OK in 12ms (Views: 1.9ms | ActiveRecord: 0.4ms (1 query, 0 cached) | GC: 0.0ms)


Started GET "/hotels" for ::1 at 2025-11-09 02:40:12 +0000
Processing by HotelsController#index as HTML
  Rendering layout layouts/application.html.erb
  Rendering hotels/index.html.erb within layouts/application
  [1m[36mHotel Load (0.4ms)[0m  [1m[34mSELECT "hotels".* FROM "hotels" /*action='index',application='HotelManagement',controller='hotels'*/[0m
  ↳ app/views/hotels/index.html.erb:17
  Rendered hotels/index.html.erb within layouts/application (Duration: 2.6ms | GC: 0.0ms)
  Rendered layout layouts/application.html.erb (Duration: 4.0ms | GC: 0.0ms)
Completed 200 OK in 13ms (Views: 4.6ms | ActiveRecord: 0.4ms (1 query, 0 cached) | GC: 0.0ms)


  [1m[35m (0.4ms)[0m  [1m[34mSELECT pg_try_advisory_lock(4739773896703983165) /*application='HotelManagement'*/[0m
  [1m[36mActiveRecord::SchemaMigration Load (1.3ms)[0m  [1m[34mSELECT "schema_migrations"."version" FROM "schema_migrations" ORDER BY "schema_migrations"."version" ASC /*application='HotelManagement'*/[0m
  [1m[36mActiveRecord::InternalMetadata Load (1.1ms)[0m  [1m[34mSELECT * FROM "ar_internal_metadata" WHERE "ar_internal_metadata"."key" = 'environment' ORDER BY "ar_internal_metadata"."key" ASC LIMIT 1 /*application='HotelManagement'*/[0m
  [1m[35m (0.4ms)[0m  [1m[34mSELECT pg_advisory_unlock(4739773896703983165) /*application='HotelManagement'*/[0m
  [1m[36mActiveRecord::SchemaMigration Load (0.1ms)[0m  [1m[34mSELECT "schema_migrations"."version" FROM "schema_migrations" ORDER BY "schema_migrations"."version" ASC /*application='HotelManagement'*/[0m
  [1m[35mSQL (0.0ms)[0m  [1m[35mSET search_path TO public /*application='HotelManagement'*/[0m
  [1m[35mSQL (0.3ms)[0m  [1m[35mSET search_path TO "$user", public /*application='HotelManagement'*/[0m
  [1m[35mSQL (0.1ms)[0m  [1m[35mSET search_path TO public /*application='HotelManagement'*/[0m
  [1m[35mSQL (0.1ms)[0m  [1m[35mSET search_path TO "$user", public /*application='HotelManagement'*/[0m
  [1m[35m (0.1ms)[0m  [1m[34mSELECT pg_try_advisory_lock(4739773896703983165) /*application='HotelManagement'*/[0m
  [1m[36mActiveRecord::SchemaMigration Load (1.0ms)[0m  [1m[34mSELECT "schema_migrations"."version" FROM "schema_migrations" ORDER BY "schema_migrations"."version" ASC /*application='HotelManagement'*/[0m
  [1m[36mActiveRecord::InternalMetadata Load (0.9ms)[0m  [1m[34mSELECT * FROM "ar_internal_metadata" WHERE "ar_internal_metadata"."key" = 'environment' ORDER BY "ar_internal_metadata"."key" ASC LIMIT 1 /*application='HotelManagement'*/[0m
  [1m[35m (0.2ms)[0m  [1m[34mSELECT pg_advisory_unlock(4739773896703983165) /*application='HotelManagement'*/[0m
  [1m[36mActiveRecord::SchemaMigration Load (0.1ms)[0m  [1m[34mSELECT "schema_migrations"."version" FROM "schema_migrations" ORDER BY "schema_migrations"."version" ASC /*application='HotelManagement'*/[0m
  [1m[35mSQL (0.1ms)[0m  [1m[35mSET search_path TO public /*application='HotelManagement'*/[0m
  [1m[35mSQL (0.1ms)[0m  [1m[35mSET search_path TO "$user", public /*application='HotelManagement'*/[0m
  [1m[35mSQL (0.1ms)[0m  [1m[35mSET search_path TO public /*application='HotelManagement'*/[0m
  [1m[35mSQL (0.1ms)[0m  [1m[35mSET search_path TO "$user", public /*application='HotelManagement'*/[0m
  [1m[35m (0.1ms)[0m  [1m[34mSELECT pg_try_advisory_lock(4739773896703983165) /*application='HotelManagement'*/[0m
  [1m[36mActiveRecord::SchemaMigration Load (1.0ms)[0m  [1m[34mSELECT "schema_migrations"."version" FROM "schema_migrations" ORDER BY "schema_migrations"."version" ASC /*application='HotelManagement'*/[0m
  [1m[36mActiveRecord::InternalMetadata Load (0.7ms)[0m  [1m[34mSELECT * FROM "ar_internal_metadata" WHERE "ar_internal_metadata"."key" = 'environment' ORDER BY "ar_internal_metadata"."key" ASC LIMIT 1 /*application='HotelManagement'*/[0m
  [1m[35m (0.1ms)[0m  [1m[34mSELECT pg_advisory_unlock(4739773896703983165) /*application='HotelManagement'*/[0m
  [1m[36mActiveRecord::SchemaMigration Load (0.1ms)[0m  [1m[34mSELECT "schema_migrations"."version" FROM "schema_migrations" ORDER BY "schema_migrations"."version" ASC /*application='HotelManagement'*/[0m
  [1m[35mSQL (0.1ms)[0m  [1m[35mSET search_path TO public /*application='HotelManagement'*/[0m
  [1m[35mSQL (0.1ms)[0m  [1m[35mSET search_path TO "$user", public /*application='HotelManagement'*/[0m
  [1m[35mSQL (0.1ms)[0m  [1m[35mSET search_path TO public /*application='HotelManagement'*/[0m
  [1m[35mSQL (0.1ms)[0m  [1m[35mSET search_path TO "$user", public /*application='HotelManagement'*/[0m
  [1m[36mHotel Count (100.8ms)[0m  [1m[34mSELECT COUNT(*) FROM "hotels" /*application='HotelManagement'*/[0m
  [1m[36mRoom Count (0.9ms)[0m  [1m[34mSELECT COUNT(*) FROM "rooms" /*application='HotelManagement'*/[0m
  [1m[36mActiveRecord::SchemaMigration Load (1.1ms)[0m  [1m[34mSELECT "schema_migrations"."version" FROM "schema_migrations" ORDER BY "schema_migrations"."version" ASC /*application='HotelManagement'*/[0m
  [1m[36mActiveRecord::InternalMetadata Load (0.7ms)[0m  [1m[34mSELECT * FROM "ar_internal_metadata" WHERE "ar_internal_metadata"."key" = 'environment' ORDER BY "ar_internal_metadata"."key" ASC LIMIT 1 /*application='HotelManagement'*/[0m
  [1m[36mActiveRecord::SchemaMigration Load (0.1ms)[0m  [1m[34mSELECT "schema_migrations"."version" FROM "schema_migrations" ORDER BY "schema_migrations"."version" ASC /*application='HotelManagement'*/[0m
  [1m[36mActiveRecord::InternalMetadata Load (0.1ms)[0m  [1m[34mSELECT * FROM "ar_internal_metadata" WHERE "ar_internal_metadata"."key" = 'environment' ORDER BY "ar_internal_metadata"."key" ASC LIMIT 1 /*application='HotelManagement'*/[0m
  [1m[36mActiveRecord::SchemaMigration Load (0.1ms)[0m  [1m[34mSELECT "schema_migrations"."version" FROM "schema_migrations" ORDER BY "schema_migrations"."version" ASC /*application='HotelManagement'*/[0m
  [1m[36mActiveRecord::InternalMetadata Load (0.1ms)[0m  [1m[34mSELECT * FROM "ar_internal_metadata" WHERE "ar_internal_metadata"."key" = 'environment' ORDER BY "ar_internal_metadata"."key" ASC LIMIT 1 /*application='HotelManagement'*/[0m
  [1m[35mSQL (0.1ms)[0m  [1m[35mSET search_path TO public /*application='HotelManagement'*/[0m
  [1m[35m (181.2ms)[0m  [1m[35mDROP DATABASE IF EXISTS "hotel_management_test" /*application='HotelManagement'*/[0m
  [1m[35m (253.9ms)[0m  [1m[35mCREATE DATABASE "hotel_management_test" ENCODING = 'unicode' /*application='HotelManagement'*/[0m
  [1m[35mSQL (79.8ms)[0m  [1m[35mCREATE EXTENSION IF NOT EXISTS "plpgsql" SCHEMA pg_catalog /*application='HotelManagement'*/[0m
  [1m[35m (0.6ms)[0m  [1m[35mDROP TABLE IF EXISTS "hotels" CASCADE /*application='HotelManagement'*/[0m
  [1m[35m (10.5ms)[0m  [1m[35mCREATE TABLE "hotels" ("id" bigserial primary key, "created_at" timestamp(6) NOT NULL, "description" text, "location" character varying, "name" character varying, "rating" integer, "updated_at" timestamp(6) NOT NULL) /*application='HotelManagement'*/[0m
  [1m[35m (0.2ms)[0m  [1m[35mDROP TABLE IF EXISTS "rooms" CASCADE /*application='HotelManagement'*/[0m
  [1m[35m (4.5ms)[0m  [1m[35mCREATE TABLE "rooms" ("id" bigserial primary key, "created_at" timestamp(6) NOT NULL, "hotel_id" bigint NOT NULL, "number" character varying, "price" decimal, "room_type" character varying, "updated_at" timestamp(6) NOT NULL) /*application='HotelManagement'*/[0m
  [1m[35m (2.0ms)[0m  [1m[35mCREATE INDEX "index_rooms_on_hotel_id" ON "rooms" ("hotel_id") /*application='HotelManagement'*/[0m
  [1m[35m (5.5ms)[0m  [1m[35mALTER TABLE "rooms" ADD CONSTRAINT "fk_rails_cae2c0f55d"
FOREIGN KEY ("hotel_id")
  REFERENCES "hotels" ("id")
 /*application='HotelManagement'*/[0m
  [1m[35m (3.7ms)[0m  [1m[35mCREATE TABLE "schema_migrations" ("version" character varying NOT NULL PRIMARY KEY) /*application='HotelManagement'*/[0m
  [1m[36mActiveRecord::SchemaMigration Load (0.8ms)[0m  [1m[34mSELECT "schema_migrations"."version" FROM "schema_migrations" ORDER BY "schema_migrations"."version" ASC /*application='HotelManagement'*/[0m
  [1m[35m (0.7ms)[0m  [1m[32mINSERT INTO "schema_migrations" (version) VALUES (20251108191846) /*application='HotelManagement'*/[0m
  [1m[35m (0.2ms)[0m  [1m[32mINSERT INTO "schema_migrations" (version) VALUES
(20251108191604); /*application='HotelManagement'*/[0m
  [1m[35m (3.7ms)[0m  [1m[35mCREATE TABLE "ar_internal_metadata" ("key" character varying NOT NULL PRIMARY KEY, "value" character varying, "created_at" timestamp(6) NOT NULL, "updated_at" timestamp(6) NOT NULL) /*application='HotelManagement'*/[0m
  [1m[36mActiveRecord::InternalMetadata Load (0.7ms)[0m  [1m[34mSELECT * FROM "ar_internal_metadata" WHERE "ar_internal_metadata"."key" = 'environment' ORDER BY "ar_internal_metadata"."key" ASC LIMIT 1 /*application='HotelManagement'*/[0m
  [1m[36mActiveRecord::InternalMetadata Create (0.7ms)[0m  [1m[32mINSERT INTO "ar_internal_metadata" ("key", "value", "created_at", "updated_at") VALUES ('environment', 'development', '2025-11-09 03:02:12.119858', '2025-11-09 03:02:12.119861') RETURNING "key" /*application='HotelManagement'*/[0m
  [1m[36mActiveRecord::InternalMetadata Load (0.1ms)[0m  [1m[34mSELECT * FROM "ar_internal_metadata" WHERE "ar_internal_metadata"."key" = 'environment' ORDER BY "ar_internal_metadata"."key" ASC LIMIT 1 /*application='HotelManagement'*/[0m
  [1m[36mActiveRecord::InternalMetadata Update (0.5ms)[0m  [1m[33mUPDATE "ar_internal_metadata" SET "value" = 'test', "updated_at" = '2025-11-09 03:02:12.124524' WHERE "ar_internal_metadata"."key" = 'environment' /*application='HotelManagement'*/[0m
  [1m[36mActiveRecord::InternalMetadata Load (0.2ms)[0m  [1m[34mSELECT * FROM "ar_internal_metadata" WHERE "ar_internal_metadata"."key" = 'schema_sha1' ORDER BY "ar_internal_metadata"."key" ASC LIMIT 1 /*application='HotelManagement'*/[0m
  [1m[36mActiveRecord::InternalMetadata Create (0.3ms)[0m  [1m[32mINSERT INTO "ar_internal_metadata" ("key", "value", "created_at", "updated_at") VALUES ('schema_sha1', '7cd048ff37ba28bb662cdace69b51e19de9565bd', '2025-11-09 03:02:12.128619', '2025-11-09 03:02:12.128623') RETURNING "key" /*application='HotelManagement'*/[0m
Started GET "/hotels" for ::1 at 2025-11-09 14:20:41 +0000
  [1m[36mActiveRecord::SchemaMigration Load (1.6ms)[0m  [1m[34mSELECT "schema_migrations"."version" FROM "schema_migrations" ORDER BY "schema_migrations"."version" ASC /*application='HotelManagement'*/[0m
Processing by HotelsController#index as HTML
  Rendering layout layouts/application.html.erb
  Rendering hotels/index.html.erb within layouts/application
  [1m[36mHotel Load (95.3ms)[0m  [1m[34mSELECT "hotels".* FROM "hotels" /*action='index',application='HotelManagement',controller='hotels'*/[0m
  ↳ app/views/hotels/index.html.erb:17
  Rendered hotels/index.html.erb within layouts/application (Duration: 120.2ms | GC: 0.0ms)
  Rendered layout layouts/application.html.erb (Duration: 169.3ms | GC: 0.0ms)
Completed 200 OK in 317ms (Views: 71.0ms | ActiveRecord: 115.1ms (1 query, 0 cached) | GC: 0.2ms)


Started GET "/hotels/new" for ::1 at 2025-11-09 14:20:53 +0000
Processing by HotelsController#new as HTML
  Rendering layout layouts/application.html.erb
  Rendering hotels/new.html.erb within layouts/application
  Rendered hotels/_form.html.erb (Duration: 13.6ms | GC: 0.0ms)
  Rendered hotels/new.html.erb within layouts/application (Duration: 16.2ms | GC: 0.0ms)
  Rendered layout layouts/application.html.erb (Duration: 17.5ms | GC: 0.0ms)
Completed 200 OK in 29ms (Views: 18.0ms | ActiveRecord: 0.0ms (0 queries, 0 cached) | GC: 0.0ms)


Started POST "/hotels" for ::1 at 2025-11-09 14:21:13 +0000
Processing by HotelsController#create as HTML
  Parameters: {"authenticity_token" => "[FILTERED]", "hotel" => {"name" => "the cool hotel", "location" => "Dublin", "rating" => "5", "description" => "ajsoidjapfgh[pwghbn"}, "commit" => "Create Hotel"}
  [1m[36mTRANSACTION (0.1ms)[0m  [1m[35mBEGIN /*action='create',application='HotelManagement',controller='hotels'*/[0m
  ↳ app/controllers/hotels_controller.rb:20:in 'HotelsController#create'
  [1m[36mHotel Create (8.8ms)[0m  [1m[32mINSERT INTO "hotels" ("name", "location", "rating", "description", "created_at", "updated_at") VALUES ('the cool hotel', 'Dublin', 5, 'ajsoidjapfgh[pwghbn', '2025-11-09 14:21:13.885080', '2025-11-09 14:21:13.885080') RETURNING "id" /*action='create',application='HotelManagement',controller='hotels'*/[0m
  ↳ app/controllers/hotels_controller.rb:20:in 'HotelsController#create'
  [1m[36mTRANSACTION (0.6ms)[0m  [1m[35mCOMMIT /*action='create',application='HotelManagement',controller='hotels'*/[0m
  ↳ app/controllers/hotels_controller.rb:20:in 'HotelsController#create'
Redirected to http://localhost:3000/hotels/2
↳ app/controllers/hotels_controller.rb:21:in 'HotelsController#create'
Completed 302 Found in 38ms (ActiveRecord: 9.5ms (1 query, 0 cached) | GC: 0.2ms)


Started GET "/hotels/2" for ::1 at 2025-11-09 14:21:13 +0000
Processing by HotelsController#show as HTML
  Parameters: {"id" => "2"}
  [1m[36mHotel Load (0.8ms)[0m  [1m[34mSELECT "hotels".* FROM "hotels" WHERE "hotels"."id" = 2 LIMIT 1 /*action='show',application='HotelManagement',controller='hotels'*/[0m
  ↳ app/controllers/hotels_controller.rb:43:in 'HotelsController#set_hotel'
  Rendering layout layouts/application.html.erb
  Rendering hotels/show.html.erb within layouts/application
  Rendered hotels/show.html.erb within layouts/application (Duration: 1.7ms | GC: 0.0ms)
  Rendered layout layouts/application.html.erb (Duration: 4.4ms | GC: 0.0ms)
Completed 200 OK in 33ms (Views: 6.2ms | ActiveRecord: 0.8ms (1 query, 0 cached) | GC: 0.0ms)


Started GET "/hotels" for ::1 at 2025-11-09 14:21:18 +0000
Processing by HotelsController#index as HTML
  Rendering layout layouts/application.html.erb
  Rendering hotels/index.html.erb within layouts/application
  [1m[36mHotel Load (0.3ms)[0m  [1m[34mSELECT "hotels".* FROM "hotels" /*action='index',application='HotelManagement',controller='hotels'*/[0m
  ↳ app/views/hotels/index.html.erb:17
  Rendered hotels/index.html.erb within layouts/application (Duration: 4.9ms | GC: 0.0ms)
  Rendered layout layouts/application.html.erb (Duration: 7.0ms | GC: 0.0ms)
Completed 200 OK in 17ms (Views: 7.3ms | ActiveRecord: 0.3ms (1 query, 0 cached) | GC: 0.0ms)


Started GET "/hotels/2/rooms" for ::1 at 2025-11-09 14:21:21 +0000
Processing by RoomsController#index as HTML
  Parameters: {"hotel_id" => "2"}
  [1m[36mHotel Load (0.4ms)[0m  [1m[34mSELECT "hotels".* FROM "hotels" WHERE "hotels"."id" = 2 LIMIT 1 /*action='index',application='HotelManagement',controller='rooms'*/[0m
  ↳ app/controllers/rooms_controller.rb:44:in 'RoomsController#set_hotel'
  Rendering layout layouts/application.html.erb
  Rendering rooms/index.html.erb within layouts/application
  [1m[36mRoom Load (1.4ms)[0m  [1m[34mSELECT "rooms".* FROM "rooms" WHERE "rooms"."hotel_id" = 2 /*action='index',application='HotelManagement',controller='rooms'*/[0m
  ↳ app/views/rooms/index.html.erb:20
  Rendered rooms/index.html.erb within layouts/application (Duration: 19.4ms | GC: 0.0ms)
  Rendered layout layouts/application.html.erb (Duration: 22.7ms | GC: 0.0ms)
Completed 200 OK in 66ms (Views: 26.0ms | ActiveRecord: 3.2ms (2 queries, 0 cached) | GC: 0.0ms)


Started GET "/hotels/2/rooms/new" for ::1 at 2025-11-09 14:21:24 +0000
Processing by RoomsController#new as HTML
  Parameters: {"hotel_id" => "2"}
  [1m[36mHotel Load (0.3ms)[0m  [1m[34mSELECT "hotels".* FROM "hotels" WHERE "hotels"."id" = 2 LIMIT 1 /*action='new',application='HotelManagement',controller='rooms'*/[0m
  ↳ app/controllers/rooms_controller.rb:44:in 'RoomsController#set_hotel'
  Rendering layout layouts/application.html.erb
  Rendering rooms/new.html.erb within layouts/application
  Rendered rooms/_form.html.erb (Duration: 4.9ms | GC: 0.0ms)
  Rendered rooms/new.html.erb within layouts/application (Duration: 7.3ms | GC: 0.0ms)
  Rendered layout layouts/application.html.erb (Duration: 9.7ms | GC: 0.0ms)
Completed 200 OK in 32ms (Views: 10.4ms | ActiveRecord: 0.3ms (1 query, 0 cached) | GC: 0.0ms)


Started POST "/hotels/2/rooms" for ::1 at 2025-11-09 14:21:31 +0000
Processing by RoomsController#create as HTML
  Parameters: {"authenticity_token" => "[FILTERED]", "room" => {"number" => "1", "room_type" => "Double", "price" => "200"}, "commit" => "Create Room", "hotel_id" => "2"}
  [1m[36mHotel Load (0.4ms)[0m  [1m[34mSELECT "hotels".* FROM "hotels" WHERE "hotels"."id" = 2 LIMIT 1 /*action='create',application='HotelManagement',controller='rooms'*/[0m
  ↳ app/controllers/rooms_controller.rb:44:in 'RoomsController#set_hotel'
  [1m[36mTRANSACTION (0.1ms)[0m  [1m[35mBEGIN /*action='create',application='HotelManagement',controller='rooms'*/[0m
  ↳ app/controllers/rooms_controller.rb:21:in 'RoomsController#create'
  [1m[36mRoom Create (4.6ms)[0m  [1m[32mINSERT INTO "rooms" ("number", "room_type", "price", "hotel_id", "created_at", "updated_at") VALUES ('1', 'Double', 200.0, 2, '2025-11-09 14:21:31.343615', '2025-11-09 14:21:31.343615') RETURNING "id" /*action='create',application='HotelManagement',controller='rooms'*/[0m
  ↳ app/controllers/rooms_controller.rb:21:in 'RoomsController#create'
  [1m[36mTRANSACTION (0.3ms)[0m  [1m[35mCOMMIT /*action='create',application='HotelManagement',controller='rooms'*/[0m
  ↳ app/controllers/rooms_controller.rb:21:in 'RoomsController#create'
Redirected to http://localhost:3000/hotels/2/rooms
↳ app/controllers/rooms_controller.rb:22:in 'RoomsController#create'
Completed 302 Found in 25ms (ActiveRecord: 5.3ms (2 queries, 0 cached) | GC: 0.0ms)


Started GET "/hotels/2/rooms" for ::1 at 2025-11-09 14:21:31 +0000
Processing by RoomsController#index as HTML
  Parameters: {"hotel_id" => "2"}
  [1m[36mHotel Load (0.4ms)[0m  [1m[34mSELECT "hotels".* FROM "hotels" WHERE "hotels"."id" = 2 LIMIT 1 /*action='index',application='HotelManagement',controller='rooms'*/[0m
  ↳ app/controllers/rooms_controller.rb:44:in 'RoomsController#set_hotel'
  Rendering layout layouts/application.html.erb
  Rendering rooms/index.html.erb within layouts/application
  [1m[36mRoom Load (0.3ms)[0m  [1m[34mSELECT "rooms".* FROM "rooms" WHERE "rooms"."hotel_id" = 2 /*action='index',application='HotelManagement',controller='rooms'*/[0m
  ↳ app/views/rooms/index.html.erb:20
  Rendered rooms/index.html.erb within layouts/application (Duration: 4.8ms | GC: 0.0ms)
  Rendered layout layouts/application.html.erb (Duration: 6.6ms | GC: 0.0ms)
Completed 200 OK in 21ms (Views: 7.0ms | ActiveRecord: 0.7ms (2 queries, 0 cached) | GC: 0.0ms)


Started GET "/hotels/2/rooms/2/edit" for ::1 at 2025-11-09 14:21:37 +0000
Processing by RoomsController#edit as HTML
  Parameters: {"hotel_id" => "2", "id" => "2"}
  [1m[36mHotel Load (0.3ms)[0m  [1m[34mSELECT "hotels".* FROM "hotels" WHERE "hotels"."id" = 2 LIMIT 1 /*action='edit',application='HotelManagement',controller='rooms'*/[0m
  ↳ app/controllers/rooms_controller.rb:44:in 'RoomsController#set_hotel'
  [1m[36mRoom Load (0.3ms)[0m  [1m[34mSELECT "rooms".* FROM "rooms" WHERE "rooms"."hotel_id" = 2 AND "rooms"."id" = 2 LIMIT 1 /*action='edit',application='HotelManagement',controller='rooms'*/[0m
  ↳ app/controllers/rooms_controller.rb:48:in 'RoomsController#set_room'
  Rendering layout layouts/application.html.erb
  Rendering rooms/edit.html.erb within layouts/application
  Rendered rooms/_form.html.erb (Duration: 1.5ms | GC: 0.0ms)
  Rendered rooms/edit.html.erb within layouts/application (Duration: 2.4ms | GC: 0.0ms)
  Rendered layout layouts/application.html.erb (Duration: 3.7ms | GC: 0.0ms)
Completed 200 OK in 23ms (Views: 6.8ms | ActiveRecord: 0.6ms (2 queries, 0 cached) | GC: 0.0ms)


Started GET "/hotels/2/rooms" for ::1 at 2025-11-09 14:21:39 +0000
Processing by RoomsController#index as HTML
  Parameters: {"hotel_id" => "2"}
  [1m[36mHotel Load (0.4ms)[0m  [1m[34mSELECT "hotels".* FROM "hotels" WHERE "hotels"."id" = 2 LIMIT 1 /*action='index',application='HotelManagement',controller='rooms'*/[0m
  ↳ app/controllers/rooms_controller.rb:44:in 'RoomsController#set_hotel'
  Rendering layout layouts/application.html.erb
  Rendering rooms/index.html.erb within layouts/application
  [1m[36mRoom Load (0.3ms)[0m  [1m[34mSELECT "rooms".* FROM "rooms" WHERE "rooms"."hotel_id" = 2 /*action='index',application='HotelManagement',controller='rooms'*/[0m
  ↳ app/views/rooms/index.html.erb:20
  Rendered rooms/index.html.erb within layouts/application (Duration: 2.3ms | GC: 0.0ms)
  Rendered layout layouts/application.html.erb (Duration: 3.6ms | GC: 0.0ms)
Completed 200 OK in 17ms (Views: 4.0ms | ActiveRecord: 0.6ms (2 queries, 0 cached) | GC: 0.0ms)


Started GET "/hotels" for ::1 at 2025-11-09 14:21:41 +0000
Processing by HotelsController#index as HTML
  Rendering layout layouts/application.html.erb
  Rendering hotels/index.html.erb within layouts/application
  [1m[36mHotel Load (0.4ms)[0m  [1m[34mSELECT "hotels".* FROM "hotels" /*action='index',application='HotelManagement',controller='hotels'*/[0m
  ↳ app/views/hotels/index.html.erb:17
  Rendered hotels/index.html.erb within layouts/application (Duration: 4.4ms | GC: 0.0ms)
  Rendered layout layouts/application.html.erb (Duration: 5.8ms | GC: 0.0ms)
Completed 200 OK in 16ms (Views: 6.1ms | ActiveRecord: 0.4ms (1 query, 0 cached) | GC: 0.0ms)


Started GET "/" for ::1 at 2025-11-09 14:23:06 +0000
Processing by HotelsController#index as HTML
  Rendering layout layouts/application.html.erb
  Rendering hotels/index.html.erb within layouts/application
  [1m[36mHotel Load (0.3ms)[0m  [1m[34mSELECT "hotels".* FROM "hotels" /*action='index',application='HotelManagement',controller='hotels'*/[0m
  ↳ app/views/hotels/index.html.erb:17
  Rendered hotels/index.html.erb within layouts/application (Duration: 3.8ms | GC: 0.0ms)
  Rendered layout layouts/application.html.erb (Duration: 5.2ms | GC: 0.0ms)
Completed 200 OK in 15ms (Views: 5.6ms | ActiveRecord: 0.3ms (1 query, 0 cached) | GC: 0.0ms)


Started GET "/" for ::1 at 2025-11-10 13:09:11 +0000
Processing by HotelsController#index as HTML
  Rendering layout layouts/application.html.erb
  Rendering hotels/index.html.erb within layouts/application
  [1m[36mHotel Load (234.3ms)[0m  [1m[34mSELECT "hotels".* FROM "hotels" /*action='index',application='HotelManagement',controller='hotels'*/[0m
  ↳ app/views/hotels/index.html.erb:17
  Rendered hotels/index.html.erb within layouts/application (Duration: 278.4ms | GC: 0.0ms)
  Rendered layout layouts/application.html.erb (Duration: 349.6ms | GC: 0.0ms)
Completed 200 OK in 375ms (Views: 108.1ms | ActiveRecord: 247.7ms (1 query, 0 cached) | GC: 0.0ms)


Started GET "/" for ::1 at 2025-11-10 23:26:53 +0000
  [1m[36mActiveRecord::SchemaMigration Load (1.5ms)[0m  [1m[34mSELECT "schema_migrations"."version" FROM "schema_migrations" ORDER BY "schema_migrations"."version" ASC /*application='HotelManagement'*/[0m
Processing by HotelsController#index as HTML
  Rendering layout layouts/application.html.erb
  Rendering hotels/index.html.erb within layouts/application
  [1m[36mHotel Load (101.5ms)[0m  [1m[34mSELECT "hotels".* FROM "hotels" /*action='index',application='HotelManagement',controller='hotels'*/[0m
  ↳ app/views/hotels/index.html.erb:17
  Rendered hotels/index.html.erb within layouts/application (Duration: 128.0ms | GC: 0.2ms)
  Rendered layout layouts/application.html.erb (Duration: 169.1ms | GC: 0.2ms)
Completed 200 OK in 297ms (Views: 62.4ms | ActiveRecord: 122.4ms (1 query, 0 cached) | GC: 0.2ms)


Started GET "/hotels/1/rooms" for ::1 at 2025-11-10 23:54:29 +0000
Processing by RoomsController#index as HTML
  Parameters: {"hotel_id" => "1"}
  [1m[36mHotel Load (86.7ms)[0m  [1m[34mSELECT "hotels".* FROM "hotels" WHERE "hotels"."id" = 1 LIMIT 1 /*action='index',application='HotelManagement',controller='rooms'*/[0m
  ↳ app/controllers/rooms_controller.rb:44:in 'RoomsController#set_hotel'
  Rendering layout layouts/application.html.erb
  Rendering rooms/index.html.erb within layouts/application
  [1m[36mRoom Load (1.3ms)[0m  [1m[34mSELECT "rooms".* FROM "rooms" WHERE "rooms"."hotel_id" = 1 /*action='index',application='HotelManagement',controller='rooms'*/[0m
  ↳ app/views/rooms/index.html.erb:20
  Rendered rooms/index.html.erb within layouts/application (Duration: 32.3ms | GC: 0.2ms)
  Rendered layout layouts/application.html.erb (Duration: 35.5ms | GC: 0.2ms)
Completed 200 OK in 170ms (Views: 41.5ms | ActiveRecord: 98.1ms (2 queries, 0 cached) | GC: 0.2ms)


  [1m[36mHotel Count (90.4ms)[0m  [1m[34mSELECT COUNT(*) FROM "hotels" /*application='HotelManagement'*/[0m
  [1m[36mRoom Count (1.0ms)[0m  [1m[34mSELECT COUNT(*) FROM "rooms" /*application='HotelManagement'*/[0m
Started GET "/" for ::1 at 2025-11-11 00:49:39 +0000
  [1m[36mActiveRecord::SchemaMigration Load (1.9ms)[0m  [1m[34mSELECT "schema_migrations"."version" FROM "schema_migrations" ORDER BY "schema_migrations"."version" ASC /*application='HotelManagement'*/[0m
Processing by HotelsController#index as HTML
  Rendering layout layouts/application.html.erb
  Rendering hotels/index.html.erb within layouts/application
  [1m[36mHotel Load (87.5ms)[0m  [1m[34mSELECT "hotels".* FROM "hotels" /*action='index',application='HotelManagement',controller='hotels'*/[0m
  ↳ app/views/hotels/index.html.erb:17
  Rendered hotels/index.html.erb within layouts/application (Duration: 94.7ms | GC: 0.0ms)
  Rendered layout layouts/application.html.erb (Duration: 108.8ms | GC: 0.0ms)
Completed 200 OK in 150ms (Views: 26.3ms | ActiveRecord: 92.3ms (1 query, 0 cached) | GC: 0.0ms)


Started GET "/" for ::1 at 2025-11-12 19:52:01 +0000
Processing by HotelsController#index as HTML
  Rendering layout layouts/application.html.erb
  Rendering hotels/index.html.erb within layouts/application
  [1m[36mHotel Load (224.7ms)[0m  [1m[34mSELECT "hotels".* FROM "hotels" /*action='index',application='HotelManagement',controller='hotels'*/[0m
  ↳ app/views/hotels/index.html.erb:17
  Rendered hotels/index.html.erb within layouts/application (Duration: 259.1ms | GC: 0.0ms)
  Rendered layout layouts/application.html.erb (Duration: 298.8ms | GC: 0.0ms)
Completed 200 OK in 331ms (Views: 62.3ms | ActiveRecord: 243.4ms (1 query, 0 cached) | GC: 0.0ms)


Started GET "/hotels/new" for ::1 at 2025-11-12 19:53:35 +0000
Processing by HotelsController#new as HTML
  Rendering layout layouts/application.html.erb
  Rendering hotels/new.html.erb within layouts/application
  Rendered hotels/_form.html.erb (Duration: 411.2ms | GC: 0.0ms)
  Rendered hotels/new.html.erb within layouts/application (Duration: 431.5ms | GC: 0.0ms)
  Rendered layout layouts/application.html.erb (Duration: 433.5ms | GC: 0.0ms)
Completed 200 OK in 456ms (Views: 435.0ms | ActiveRecord: 0.0ms (0 queries, 0 cached) | GC: 0.0ms)


Started POST "/hotels" for ::1 at 2025-11-12 19:53:51 +0000
Processing by HotelsController#create as HTML
  Parameters: {"authenticity_token" => "[FILTERED]", "hotel" => {"name" => "the hotel", "location" => "dublin", "rating" => "5", "description" => "hotel"}, "commit" => "Create Hotel"}
  [1m[36mTRANSACTION (0.4ms)[0m  [1m[35mBEGIN /*action='create',application='HotelManagement',controller='hotels'*/[0m
  ↳ app/controllers/hotels_controller.rb:20:in 'HotelsController#create'
  [1m[36mHotel Create (9.3ms)[0m  [1m[32mINSERT INTO "hotels" ("name", "location", "rating", "description", "created_at", "updated_at") VALUES ('the hotel', 'dublin', 5, 'hotel', '2025-11-12 19:53:51.788345', '2025-11-12 19:53:51.788345') RETURNING "id" /*action='create',application='HotelManagement',controller='hotels'*/[0m
  ↳ app/controllers/hotels_controller.rb:20:in 'HotelsController#create'
  [1m[36mTRANSACTION (1.7ms)[0m  [1m[35mCOMMIT /*action='create',application='HotelManagement',controller='hotels'*/[0m
  ↳ app/controllers/hotels_controller.rb:20:in 'HotelsController#create'
Redirected to http://localhost:3000/hotels/3
↳ app/controllers/hotels_controller.rb:21:in 'HotelsController#create'
Completed 302 Found in 46ms (ActiveRecord: 11.4ms (1 query, 0 cached) | GC: 0.0ms)


Started GET "/hotels/3" for ::1 at 2025-11-12 19:53:51 +0000
Processing by HotelsController#show as HTML
  Parameters: {"id" => "3"}
  [1m[36mHotel Load (0.4ms)[0m  [1m[34mSELECT "hotels".* FROM "hotels" WHERE "hotels"."id" = 3 LIMIT 1 /*action='show',application='HotelManagement',controller='hotels'*/[0m
  ↳ app/controllers/hotels_controller.rb:43:in 'HotelsController#set_hotel'
  Rendering layout layouts/application.html.erb
  Rendering hotels/show.html.erb within layouts/application
  Rendered hotels/show.html.erb within layouts/application (Duration: 1.5ms | GC: 0.0ms)
  Rendered layout layouts/application.html.erb (Duration: 4.2ms | GC: 0.0ms)
Completed 200 OK in 29ms (Views: 5.2ms | ActiveRecord: 0.4ms (1 query, 0 cached) | GC: 0.0ms)


Started GET "/hotels" for ::1 at 2025-11-12 19:53:59 +0000
Processing by HotelsController#index as HTML
  Rendering layout layouts/application.html.erb
  Rendering hotels/index.html.erb within layouts/application
  [1m[36mHotel Load (0.3ms)[0m  [1m[34mSELECT "hotels".* FROM "hotels" /*action='index',application='HotelManagement',controller='hotels'*/[0m
  ↳ app/views/hotels/index.html.erb:17
  Rendered hotels/index.html.erb within layouts/application (Duration: 3.9ms | GC: 0.0ms)
  Rendered layout layouts/application.html.erb (Duration: 7.2ms | GC: 0.0ms)
Completed 200 OK in 20ms (Views: 7.6ms | ActiveRecord: 0.3ms (1 query, 0 cached) | GC: 0.0ms)


Started GET "/hotels/3" for ::1 at 2025-11-12 19:54:03 +0000
Processing by HotelsController#show as HTML
  Parameters: {"id" => "3"}
  [1m[36mHotel Load (0.6ms)[0m  [1m[34mSELECT "hotels".* FROM "hotels" WHERE "hotels"."id" = 3 LIMIT 1 /*action='show',application='HotelManagement',controller='hotels'*/[0m
  ↳ app/controllers/hotels_controller.rb:43:in 'HotelsController#set_hotel'
  Rendering layout layouts/application.html.erb
  Rendering hotels/show.html.erb within layouts/application
  Rendered hotels/show.html.erb within layouts/application (Duration: 0.3ms | GC: 0.0ms)
  Rendered layout layouts/application.html.erb (Duration: 3.1ms | GC: 0.0ms)
Completed 200 OK in 19ms (Views: 4.2ms | ActiveRecord: 0.6ms (1 query, 0 cached) | GC: 0.0ms)


Started GET "/hotels" for ::1 at 2025-11-12 19:54:06 +0000
Processing by HotelsController#index as HTML
  Rendering layout layouts/application.html.erb
  Rendering hotels/index.html.erb within layouts/application
  [1m[36mHotel Load (0.5ms)[0m  [1m[34mSELECT "hotels".* FROM "hotels" /*action='index',application='HotelManagement',controller='hotels'*/[0m
  ↳ app/views/hotels/index.html.erb:17
  Rendered hotels/index.html.erb within layouts/application (Duration: 3.3ms | GC: 0.0ms)
  Rendered layout layouts/application.html.erb (Duration: 4.6ms | GC: 0.0ms)
Completed 200 OK in 18ms (Views: 4.9ms | ActiveRecord: 0.5ms (1 query, 0 cached) | GC: 0.0ms)


Started GET "/hotels/3/edit" for ::1 at 2025-11-12 19:54:08 +0000
Processing by HotelsController#edit as HTML
  Parameters: {"id" => "3"}
  [1m[36mHotel Load (0.4ms)[0m  [1m[34mSELECT "hotels".* FROM "hotels" WHERE "hotels"."id" = 3 LIMIT 1 /*action='edit',application='HotelManagement',controller='hotels'*/[0m
  ↳ app/controllers/hotels_controller.rb:43:in 'HotelsController#set_hotel'
  Rendering layout layouts/application.html.erb
  Rendering hotels/edit.html.erb within layouts/application
  Rendered hotels/_form.html.erb (Duration: 2.1ms | GC: 0.0ms)
  Rendered hotels/edit.html.erb within layouts/application (Duration: 4.6ms | GC: 0.0ms)
  Rendered layout layouts/application.html.erb (Duration: 5.6ms | GC: 0.0ms)
Completed 200 OK in 25ms (Views: 6.3ms | ActiveRecord: 0.4ms (1 query, 0 cached) | GC: 0.0ms)


Started PATCH "/hotels/3" for ::1 at 2025-11-12 19:54:16 +0000
Processing by HotelsController#update as HTML
  Parameters: {"authenticity_token" => "[FILTERED]", "hotel" => {"name" => "the hotel", "location" => "dublin", "rating" => "5", "description" => "the hotel is cool,"}, "commit" => "Update Hotel", "id" => "3"}
  [1m[36mHotel Load (0.4ms)[0m  [1m[34mSELECT "hotels".* FROM "hotels" WHERE "hotels"."id" = 3 LIMIT 1 /*action='update',application='HotelManagement',controller='hotels'*/[0m
  ↳ app/controllers/hotels_controller.rb:43:in 'HotelsController#set_hotel'
  [1m[36mTRANSACTION (0.2ms)[0m  [1m[35mBEGIN /*action='update',application='HotelManagement',controller='hotels'*/[0m
  ↳ app/controllers/hotels_controller.rb:28:in 'HotelsController#update'
  [1m[36mHotel Update (6.6ms)[0m  [1m[33mUPDATE "hotels" SET "description" = 'the hotel is cool,', "updated_at" = '2025-11-12 19:54:16.530433' WHERE "hotels"."id" = 3 /*action='update',application='HotelManagement',controller='hotels'*/[0m
  ↳ app/controllers/hotels_controller.rb:28:in 'HotelsController#update'
  [1m[36mTRANSACTION (0.3ms)[0m  [1m[35mCOMMIT /*action='update',application='HotelManagement',controller='hotels'*/[0m
  ↳ app/controllers/hotels_controller.rb:28:in 'HotelsController#update'
Redirected to http://localhost:3000/hotels/3
↳ app/controllers/hotels_controller.rb:29:in 'HotelsController#update'
Completed 302 Found in 29ms (ActiveRecord: 7.8ms (2 queries, 0 cached) | GC: 0.0ms)


Started GET "/hotels/3" for ::1 at 2025-11-12 19:54:16 +0000
Processing by HotelsController#show as HTML
  Parameters: {"id" => "3"}
  [1m[36mHotel Load (0.5ms)[0m  [1m[34mSELECT "hotels".* FROM "hotels" WHERE "hotels"."id" = 3 LIMIT 1 /*action='show',application='HotelManagement',controller='hotels'*/[0m
  ↳ app/controllers/hotels_controller.rb:43:in 'HotelsController#set_hotel'
  Rendering layout layouts/application.html.erb
  Rendering hotels/show.html.erb within layouts/application
  Rendered hotels/show.html.erb within layouts/application (Duration: 0.4ms | GC: 0.0ms)
  Rendered layout layouts/application.html.erb (Duration: 2.7ms | GC: 0.0ms)
Completed 200 OK in 19ms (Views: 3.8ms | ActiveRecord: 0.5ms (1 query, 0 cached) | GC: 0.0ms)


Started GET "/hotels" for ::1 at 2025-11-12 19:54:18 +0000
Processing by HotelsController#index as HTML
  Rendering layout layouts/application.html.erb
  Rendering hotels/index.html.erb within layouts/application
  [1m[36mHotel Load (0.4ms)[0m  [1m[34mSELECT "hotels".* FROM "hotels" /*action='index',application='HotelManagement',controller='hotels'*/[0m
  ↳ app/views/hotels/index.html.erb:17
  Rendered hotels/index.html.erb within layouts/application (Duration: 4.0ms | GC: 0.0ms)
  Rendered layout layouts/application.html.erb (Duration: 5.6ms | GC: 0.0ms)
Completed 200 OK in 20ms (Views: 6.1ms | ActiveRecord: 0.4ms (1 query, 0 cached) | GC: 0.0ms)


Started GET "/hotels/3/rooms" for ::1 at 2025-11-12 19:54:21 +0000
Processing by RoomsController#index as HTML
  Parameters: {"hotel_id" => "3"}
  [1m[36mHotel Load (0.3ms)[0m  [1m[34mSELECT "hotels".* FROM "hotels" WHERE "hotels"."id" = 3 LIMIT 1 /*action='index',application='HotelManagement',controller='rooms'*/[0m
  ↳ app/controllers/rooms_controller.rb:44:in 'RoomsController#set_hotel'
  Rendering layout layouts/application.html.erb
  Rendering rooms/index.html.erb within layouts/application
  [1m[36mRoom Load (1.3ms)[0m  [1m[34mSELECT "rooms".* FROM "rooms" WHERE "rooms"."hotel_id" = 3 /*action='index',application='HotelManagement',controller='rooms'*/[0m
  ↳ app/views/rooms/index.html.erb:20
  Rendered rooms/index.html.erb within layouts/application (Duration: 8.7ms | GC: 0.0ms)
  Rendered layout layouts/application.html.erb (Duration: 10.3ms | GC: 0.0ms)
Completed 200 OK in 41ms (Views: 18.0ms | ActiveRecord: 1.8ms (2 queries, 0 cached) | GC: 0.0ms)


Started GET "/hotels/3/rooms/new" for ::1 at 2025-11-12 19:54:23 +0000
Processing by RoomsController#new as HTML
  Parameters: {"hotel_id" => "3"}
  [1m[36mHotel Load (0.4ms)[0m  [1m[34mSELECT "hotels".* FROM "hotels" WHERE "hotels"."id" = 3 LIMIT 1 /*action='new',application='HotelManagement',controller='rooms'*/[0m
  ↳ app/controllers/rooms_controller.rb:44:in 'RoomsController#set_hotel'
  Rendering layout layouts/application.html.erb
  Rendering rooms/new.html.erb within layouts/application
  Rendered rooms/_form.html.erb (Duration: 6.8ms | GC: 0.0ms)
  Rendered rooms/new.html.erb within layouts/application (Duration: 9.8ms | GC: 0.0ms)
  Rendered layout layouts/application.html.erb (Duration: 11.4ms | GC: 0.0ms)
Completed 200 OK in 31ms (Views: 12.2ms | ActiveRecord: 0.4ms (1 query, 0 cached) | GC: 0.0ms)


Started POST "/hotels/3/rooms" for ::1 at 2025-11-12 19:54:35 +0000
Processing by RoomsController#create as HTML
  Parameters: {"authenticity_token" => "[FILTERED]", "room" => {"number" => "602", "room_type" => "Double", "price" => "300"}, "commit" => "Create Room", "hotel_id" => "3"}
  [1m[36mHotel Load (0.4ms)[0m  [1m[34mSELECT "hotels".* FROM "hotels" WHERE "hotels"."id" = 3 LIMIT 1 /*action='create',application='HotelManagement',controller='rooms'*/[0m
  ↳ app/controllers/rooms_controller.rb:44:in 'RoomsController#set_hotel'
  [1m[36mTRANSACTION (0.2ms)[0m  [1m[35mBEGIN /*action='create',application='HotelManagement',controller='rooms'*/[0m
  ↳ app/controllers/rooms_controller.rb:21:in 'RoomsController#create'
  [1m[36mRoom Create (7.1ms)[0m  [1m[32mINSERT INTO "rooms" ("number", "room_type", "price", "hotel_id", "created_at", "updated_at") VALUES ('602', 'Double', 300.0, 3, '2025-11-12 19:54:35.366683', '2025-11-12 19:54:35.366683') RETURNING "id" /*action='create',application='HotelManagement',controller='rooms'*/[0m
  ↳ app/controllers/rooms_controller.rb:21:in 'RoomsController#create'
  [1m[36mTRANSACTION (0.2ms)[0m  [1m[35mCOMMIT /*action='create',application='HotelManagement',controller='rooms'*/[0m
  ↳ app/controllers/rooms_controller.rb:21:in 'RoomsController#create'
Redirected to http://localhost:3000/hotels/3/rooms
↳ app/controllers/rooms_controller.rb:22:in 'RoomsController#create'
Completed 302 Found in 32ms (ActiveRecord: 8.0ms (2 queries, 0 cached) | GC: 0.0ms)


Started GET "/hotels/3/rooms" for ::1 at 2025-11-12 19:54:35 +0000
Processing by RoomsController#index as HTML
  Parameters: {"hotel_id" => "3"}
  [1m[36mHotel Load (0.5ms)[0m  [1m[34mSELECT "hotels".* FROM "hotels" WHERE "hotels"."id" = 3 LIMIT 1 /*action='index',application='HotelManagement',controller='rooms'*/[0m
  ↳ app/controllers/rooms_controller.rb:44:in 'RoomsController#set_hotel'
  Rendering layout layouts/application.html.erb
  Rendering rooms/index.html.erb within layouts/application
  [1m[36mRoom Load (0.4ms)[0m  [1m[34mSELECT "rooms".* FROM "rooms" WHERE "rooms"."hotel_id" = 3 /*action='index',application='HotelManagement',controller='rooms'*/[0m
  ↳ app/views/rooms/index.html.erb:20
  Rendered rooms/index.html.erb within layouts/application (Duration: 4.0ms | GC: 0.0ms)
  Rendered layout layouts/application.html.erb (Duration: 5.3ms | GC: 0.0ms)
Completed 200 OK in 24ms (Views: 5.8ms | ActiveRecord: 1.0ms (2 queries, 0 cached) | GC: 0.0ms)


Started GET "/hotels/3/rooms/3/edit" for ::1 at 2025-11-12 19:54:41 +0000
Processing by RoomsController#edit as HTML
  Parameters: {"hotel_id" => "3", "id" => "3"}
  [1m[36mHotel Load (0.4ms)[0m  [1m[34mSELECT "hotels".* FROM "hotels" WHERE "hotels"."id" = 3 LIMIT 1 /*action='edit',application='HotelManagement',controller='rooms'*/[0m
  ↳ app/controllers/rooms_controller.rb:44:in 'RoomsController#set_hotel'
  [1m[36mRoom Load (0.3ms)[0m  [1m[34mSELECT "rooms".* FROM "rooms" WHERE "rooms"."hotel_id" = 3 AND "rooms"."id" = 3 LIMIT 1 /*action='edit',application='HotelManagement',controller='rooms'*/[0m
  ↳ app/controllers/rooms_controller.rb:48:in 'RoomsController#set_room'
  Rendering layout layouts/application.html.erb
  Rendering rooms/edit.html.erb within layouts/application
  Rendered rooms/_form.html.erb (Duration: 1.1ms | GC: 0.0ms)
  Rendered rooms/edit.html.erb within layouts/application (Duration: 1.8ms | GC: 0.0ms)
  Rendered layout layouts/application.html.erb (Duration: 2.5ms | GC: 0.0ms)
Completed 200 OK in 24ms (Views: 3.3ms | ActiveRecord: 0.7ms (2 queries, 0 cached) | GC: 0.0ms)


Started GET "/hotels/3/rooms" for ::1 at 2025-11-12 19:54:42 +0000
Processing by RoomsController#index as HTML
  Parameters: {"hotel_id" => "3"}
  [1m[36mHotel Load (0.4ms)[0m  [1m[34mSELECT "hotels".* FROM "hotels" WHERE "hotels"."id" = 3 LIMIT 1 /*action='index',application='HotelManagement',controller='rooms'*/[0m
  ↳ app/controllers/rooms_controller.rb:44:in 'RoomsController#set_hotel'
  Rendering layout layouts/application.html.erb
  Rendering rooms/index.html.erb within layouts/application
  [1m[36mRoom Load (0.3ms)[0m  [1m[34mSELECT "rooms".* FROM "rooms" WHERE "rooms"."hotel_id" = 3 /*action='index',application='HotelManagement',controller='rooms'*/[0m
  ↳ app/views/rooms/index.html.erb:20
  Rendered rooms/index.html.erb within layouts/application (Duration: 3.5ms | GC: 0.0ms)
  Rendered layout layouts/application.html.erb (Duration: 5.1ms | GC: 0.0ms)
Completed 200 OK in 21ms (Views: 5.9ms | ActiveRecord: 0.7ms (2 queries, 0 cached) | GC: 0.0ms)


Started GET "/hotels/3/rooms/3" for ::1 at 2025-11-12 19:54:45 +0000
Processing by RoomsController#show as HTML
  Parameters: {"hotel_id" => "3", "id" => "3"}
  [1m[36mHotel Load (0.3ms)[0m  [1m[34mSELECT "hotels".* FROM "hotels" WHERE "hotels"."id" = 3 LIMIT 1 /*action='show',application='HotelManagement',controller='rooms'*/[0m
  ↳ app/controllers/rooms_controller.rb:44:in 'RoomsController#set_hotel'
  [1m[36mRoom Load (0.3ms)[0m  [1m[34mSELECT "rooms".* FROM "rooms" WHERE "rooms"."hotel_id" = 3 AND "rooms"."id" = 3 LIMIT 1 /*action='show',application='HotelManagement',controller='rooms'*/[0m
  ↳ app/controllers/rooms_controller.rb:48:in 'RoomsController#set_room'
  Rendering layout layouts/application.html.erb
  Rendering rooms/show.html.erb within layouts/application
  Rendered rooms/show.html.erb within layouts/application (Duration: 1.0ms | GC: 0.0ms)
  Rendered layout layouts/application.html.erb (Duration: 3.8ms | GC: 0.0ms)
Completed 200 OK in 23ms (Views: 4.7ms | ActiveRecord: 0.6ms (2 queries, 0 cached) | GC: 0.0ms)


Started GET "/hotels/3/rooms/3" for ::1 at 2025-11-12 19:54:52 +0000
Processing by RoomsController#show as HTML
  Parameters: {"hotel_id" => "3", "id" => "3"}
  [1m[36mHotel Load (0.3ms)[0m  [1m[34mSELECT "hotels".* FROM "hotels" WHERE "hotels"."id" = 3 LIMIT 1 /*action='show',application='HotelManagement',controller='rooms'*/[0m
  ↳ app/controllers/rooms_controller.rb:44:in 'RoomsController#set_hotel'
  [1m[36mRoom Load (0.7ms)[0m  [1m[34mSELECT "rooms".* FROM "rooms" WHERE "rooms"."hotel_id" = 3 AND "rooms"."id" = 3 LIMIT 1 /*action='show',application='HotelManagement',controller='rooms'*/[0m
  ↳ app/controllers/rooms_controller.rb:48:in 'RoomsController#set_room'
  Rendering layout layouts/application.html.erb
  Rendering rooms/show.html.erb within layouts/application
  Rendered rooms/show.html.erb within layouts/application (Duration: 0.0ms | GC: 0.0ms)
  Rendered layout layouts/application.html.erb (Duration: 2.9ms | GC: 0.0ms)
Completed 200 OK in 21ms (Views: 3.9ms | ActiveRecord: 1.0ms (2 queries, 0 cached) | GC: 0.0ms)


Started GET "/hotels" for ::1 at 2025-11-12 19:54:57 +0000
Processing by HotelsController#index as HTML
  Rendering layout layouts/application.html.erb
  Rendering hotels/index.html.erb within layouts/application
  [1m[36mHotel Load (0.3ms)[0m  [1m[34mSELECT "hotels".* FROM "hotels" /*action='index',application='HotelManagement',controller='hotels'*/[0m
  ↳ app/views/hotels/index.html.erb:17
  Rendered hotels/index.html.erb within layouts/application (Duration: 3.9ms | GC: 0.0ms)
  Rendered layout layouts/application.html.erb (Duration: 5.1ms | GC: 0.0ms)
Completed 200 OK in 16ms (Views: 5.5ms | ActiveRecord: 0.3ms (1 query, 0 cached) | GC: 0.0ms)


Started GET "/hotels/2/rooms" for ::1 at 2025-11-12 19:55:00 +0000
Processing by RoomsController#index as HTML
  Parameters: {"hotel_id" => "2"}
  [1m[36mHotel Load (0.5ms)[0m  [1m[34mSELECT "hotels".* FROM "hotels" WHERE "hotels"."id" = 2 LIMIT 1 /*action='index',application='HotelManagement',controller='rooms'*/[0m
  ↳ app/controllers/rooms_controller.rb:44:in 'RoomsController#set_hotel'
  Rendering layout layouts/application.html.erb
  Rendering rooms/index.html.erb within layouts/application
  [1m[36mRoom Load (0.3ms)[0m  [1m[34mSELECT "rooms".* FROM "rooms" WHERE "rooms"."hotel_id" = 2 /*action='index',application='HotelManagement',controller='rooms'*/[0m
  ↳ app/views/rooms/index.html.erb:20
  Rendered rooms/index.html.erb within layouts/application (Duration: 3.6ms | GC: 0.0ms)
  Rendered layout layouts/application.html.erb (Duration: 4.8ms | GC: 0.0ms)
Completed 200 OK in 19ms (Views: 5.2ms | ActiveRecord: 0.8ms (2 queries, 0 cached) | GC: 0.0ms)


Started GET "/hotels/2/rooms/new" for ::1 at 2025-11-12 19:55:02 +0000
Processing by RoomsController#new as HTML
  Parameters: {"hotel_id" => "2"}
  [1m[36mHotel Load (0.3ms)[0m  [1m[34mSELECT "hotels".* FROM "hotels" WHERE "hotels"."id" = 2 LIMIT 1 /*action='new',application='HotelManagement',controller='rooms'*/[0m
  ↳ app/controllers/rooms_controller.rb:44:in 'RoomsController#set_hotel'
  Rendering layout layouts/application.html.erb
  Rendering rooms/new.html.erb within layouts/application
  Rendered rooms/_form.html.erb (Duration: 1.2ms | GC: 0.0ms)
  Rendered rooms/new.html.erb within layouts/application (Duration: 1.5ms | GC: 0.0ms)
  Rendered layout layouts/application.html.erb (Duration: 2.3ms | GC: 0.0ms)
Completed 200 OK in 18ms (Views: 3.0ms | ActiveRecord: 0.3ms (1 query, 0 cached) | GC: 0.0ms)


Started POST "/hotels/2/rooms" for ::1 at 2025-11-12 19:55:11 +0000
Processing by RoomsController#create as HTML
  Parameters: {"authenticity_token" => "[FILTERED]", "room" => {"number" => "3", "room_type" => "room", "price" => "300"}, "commit" => "Create Room", "hotel_id" => "2"}
  [1m[36mHotel Load (0.4ms)[0m  [1m[34mSELECT "hotels".* FROM "hotels" WHERE "hotels"."id" = 2 LIMIT 1 /*action='create',application='HotelManagement',controller='rooms'*/[0m
  ↳ app/controllers/rooms_controller.rb:44:in 'RoomsController#set_hotel'
  [1m[36mTRANSACTION (0.2ms)[0m  [1m[35mBEGIN /*action='create',application='HotelManagement',controller='rooms'*/[0m
  ↳ app/controllers/rooms_controller.rb:21:in 'RoomsController#create'
  [1m[36mRoom Create (3.7ms)[0m  [1m[32mINSERT INTO "rooms" ("number", "room_type", "price", "hotel_id", "created_at", "updated_at") VALUES ('3', 'room', 300.0, 2, '2025-11-12 19:55:11.242284', '2025-11-12 19:55:11.242284') RETURNING "id" /*action='create',application='HotelManagement',controller='rooms'*/[0m
  ↳ app/controllers/rooms_controller.rb:21:in 'RoomsController#create'
  [1m[36mTRANSACTION (0.2ms)[0m  [1m[35mCOMMIT /*action='create',application='HotelManagement',controller='rooms'*/[0m
  ↳ app/controllers/rooms_controller.rb:21:in 'RoomsController#create'
Redirected to http://localhost:3000/hotels/2/rooms
↳ app/controllers/rooms_controller.rb:22:in 'RoomsController#create'
Completed 302 Found in 24ms (ActiveRecord: 4.5ms (2 queries, 0 cached) | GC: 0.0ms)


Started GET "/hotels/2/rooms" for ::1 at 2025-11-12 19:55:11 +0000
Processing by RoomsController#index as HTML
  Parameters: {"hotel_id" => "2"}
  [1m[36mHotel Load (0.5ms)[0m  [1m[34mSELECT "hotels".* FROM "hotels" WHERE "hotels"."id" = 2 LIMIT 1 /*action='index',application='HotelManagement',controller='rooms'*/[0m
  ↳ app/controllers/rooms_controller.rb:44:in 'RoomsController#set_hotel'
  Rendering layout layouts/application.html.erb
  Rendering rooms/index.html.erb within layouts/application
  [1m[36mRoom Load (0.6ms)[0m  [1m[34mSELECT "rooms".* FROM "rooms" WHERE "rooms"."hotel_id" = 2 /*action='index',application='HotelManagement',controller='rooms'*/[0m
  ↳ app/views/rooms/index.html.erb:20
  Rendered rooms/index.html.erb within layouts/application (Duration: 4.0ms | GC: 0.0ms)
  Rendered layout layouts/application.html.erb (Duration: 5.3ms | GC: 0.0ms)
Completed 200 OK in 21ms (Views: 5.4ms | ActiveRecord: 1.1ms (2 queries, 0 cached) | GC: 0.0ms)


Started GET "/hotels/2/rooms/4" for ::1 at 2025-11-12 19:55:15 +0000
Processing by RoomsController#show as HTML
  Parameters: {"hotel_id" => "2", "id" => "4"}
  [1m[36mHotel Load (0.3ms)[0m  [1m[34mSELECT "hotels".* FROM "hotels" WHERE "hotels"."id" = 2 LIMIT 1 /*action='show',application='HotelManagement',controller='rooms'*/[0m
  ↳ app/controllers/rooms_controller.rb:44:in 'RoomsController#set_hotel'
  [1m[36mRoom Load (0.2ms)[0m  [1m[34mSELECT "rooms".* FROM "rooms" WHERE "rooms"."hotel_id" = 2 AND "rooms"."id" = 4 LIMIT 1 /*action='show',application='HotelManagement',controller='rooms'*/[0m
  ↳ app/controllers/rooms_controller.rb:48:in 'RoomsController#set_room'
  Rendering layout layouts/application.html.erb
  Rendering rooms/show.html.erb within layouts/application
  Rendered rooms/show.html.erb within layouts/application (Duration: 0.1ms | GC: 0.0ms)
  Rendered layout layouts/application.html.erb (Duration: 1.5ms | GC: 0.0ms)
Completed 200 OK in 18ms (Views: 2.3ms | ActiveRecord: 0.5ms (2 queries, 0 cached) | GC: 0.0ms)


Started GET "/" for ::1 at 2025-11-12 19:55:18 +0000
Processing by HotelsController#index as HTML
  Rendering layout layouts/application.html.erb
  Rendering hotels/index.html.erb within layouts/application
  [1m[36mHotel Load (0.4ms)[0m  [1m[34mSELECT "hotels".* FROM "hotels" /*action='index',application='HotelManagement',controller='hotels'*/[0m
  ↳ app/views/hotels/index.html.erb:17
  Rendered hotels/index.html.erb within layouts/application (Duration: 3.3ms | GC: 0.0ms)
  Rendered layout layouts/application.html.erb (Duration: 4.5ms | GC: 0.0ms)
Completed 200 OK in 15ms (Views: 4.8ms | ActiveRecord: 0.4ms (1 query, 0 cached) | GC: 0.0ms)


Started GET "/hotels/2/edit" for ::1 at 2025-11-12 19:55:24 +0000
Processing by HotelsController#edit as HTML
  Parameters: {"id" => "2"}
  [1m[36mHotel Load (0.3ms)[0m  [1m[34mSELECT "hotels".* FROM "hotels" WHERE "hotels"."id" = 2 LIMIT 1 /*action='edit',application='HotelManagement',controller='hotels'*/[0m
  ↳ app/controllers/hotels_controller.rb:43:in 'HotelsController#set_hotel'
  Rendering layout layouts/application.html.erb
  Rendering hotels/edit.html.erb within layouts/application
  Rendered hotels/_form.html.erb (Duration: 1.2ms | GC: 0.0ms)
  Rendered hotels/edit.html.erb within layouts/application (Duration: 1.5ms | GC: 0.0ms)
  Rendered layout layouts/application.html.erb (Duration: 2.2ms | GC: 0.0ms)
Completed 200 OK in 16ms (Views: 3.1ms | ActiveRecord: 0.3ms (1 query, 0 cached) | GC: 0.0ms)


Started GET "/" for ::1 at 2025-11-12 19:55:27 +0000
Processing by HotelsController#index as HTML
  Rendering layout layouts/application.html.erb
  Rendering hotels/index.html.erb within layouts/application
  [1m[36mHotel Load (0.3ms)[0m  [1m[34mSELECT "hotels".* FROM "hotels" /*action='index',application='HotelManagement',controller='hotels'*/[0m
  ↳ app/views/hotels/index.html.erb:17
  Rendered hotels/index.html.erb within layouts/application (Duration: 2.7ms | GC: 0.0ms)
  Rendered layout layouts/application.html.erb (Duration: 3.9ms | GC: 0.0ms)
Completed 200 OK in 16ms (Views: 4.4ms | ActiveRecord: 0.3ms (1 query, 0 cached) | GC: 0.0ms)


Started GET "/hotels/2/rooms" for ::1 at 2025-11-12 19:55:29 +0000
Processing by RoomsController#index as HTML
  Parameters: {"hotel_id" => "2"}
  [1m[36mHotel Load (0.4ms)[0m  [1m[34mSELECT "hotels".* FROM "hotels" WHERE "hotels"."id" = 2 LIMIT 1 /*action='index',application='HotelManagement',controller='rooms'*/[0m
  ↳ app/controllers/rooms_controller.rb:44:in 'RoomsController#set_hotel'
  Rendering layout layouts/application.html.erb
  Rendering rooms/index.html.erb within layouts/application
  [1m[36mRoom Load (0.2ms)[0m  [1m[34mSELECT "rooms".* FROM "rooms" WHERE "rooms"."hotel_id" = 2 /*action='index',application='HotelManagement',controller='rooms'*/[0m
  ↳ app/views/rooms/index.html.erb:20
  Rendered rooms/index.html.erb within layouts/application (Duration: 3.0ms | GC: 0.0ms)
  Rendered layout layouts/application.html.erb (Duration: 4.2ms | GC: 0.0ms)
Completed 200 OK in 18ms (Views: 4.6ms | ActiveRecord: 0.7ms (2 queries, 0 cached) | GC: 0.0ms)


Started GET "/hotels/2/rooms/4" for ::1 at 2025-11-12 19:55:30 +0000
Processing by RoomsController#show as HTML
  Parameters: {"hotel_id" => "2", "id" => "4"}
  [1m[36mHotel Load (0.3ms)[0m  [1m[34mSELECT "hotels".* FROM "hotels" WHERE "hotels"."id" = 2 LIMIT 1 /*action='show',application='HotelManagement',controller='rooms'*/[0m
  ↳ app/controllers/rooms_controller.rb:44:in 'RoomsController#set_hotel'
  [1m[36mRoom Load (0.3ms)[0m  [1m[34mSELECT "rooms".* FROM "rooms" WHERE "rooms"."hotel_id" = 2 AND "rooms"."id" = 4 LIMIT 1 /*action='show',application='HotelManagement',controller='rooms'*/[0m
  ↳ app/controllers/rooms_controller.rb:48:in 'RoomsController#set_room'
  Rendering layout layouts/application.html.erb
  Rendering rooms/show.html.erb within layouts/application
  Rendered rooms/show.html.erb within layouts/application (Duration: 0.1ms | GC: 0.0ms)
  Rendered layout layouts/application.html.erb (Duration: 1.4ms | GC: 0.0ms)
Completed 200 OK in 18ms (Views: 2.1ms | ActiveRecord: 0.6ms (2 queries, 0 cached) | GC: 0.0ms)


Started GET "/" for ::1 at 2025-11-12 19:55:33 +0000
Processing by HotelsController#index as HTML
  Rendering layout layouts/application.html.erb
  Rendering hotels/index.html.erb within layouts/application
  [1m[36mHotel Load (0.4ms)[0m  [1m[34mSELECT "hotels".* FROM "hotels" /*action='index',application='HotelManagement',controller='hotels'*/[0m
  ↳ app/views/hotels/index.html.erb:17
  Rendered hotels/index.html.erb within layouts/application (Duration: 3.3ms | GC: 0.0ms)
  Rendered layout layouts/application.html.erb (Duration: 4.4ms | GC: 0.0ms)
Completed 200 OK in 15ms (Views: 4.7ms | ActiveRecord: 0.4ms (1 query, 0 cached) | GC: 0.0ms)


Started GET "/hotels/2/rooms" for ::1 at 2025-11-12 19:55:36 +0000
Processing by RoomsController#index as HTML
  Parameters: {"hotel_id" => "2"}
  [1m[36mHotel Load (0.3ms)[0m  [1m[34mSELECT "hotels".* FROM "hotels" WHERE "hotels"."id" = 2 LIMIT 1 /*action='index',application='HotelManagement',controller='rooms'*/[0m
  ↳ app/controllers/rooms_controller.rb:44:in 'RoomsController#set_hotel'
  Rendering layout layouts/application.html.erb
  Rendering rooms/index.html.erb within layouts/application
  [1m[36mRoom Load (0.5ms)[0m  [1m[34mSELECT "rooms".* FROM "rooms" WHERE "rooms"."hotel_id" = 2 /*action='index',application='HotelManagement',controller='rooms'*/[0m
  ↳ app/views/rooms/index.html.erb:20
  Rendered rooms/index.html.erb within layouts/application (Duration: 4.2ms | GC: 0.0ms)
  Rendered layout layouts/application.html.erb (Duration: 5.7ms | GC: 0.0ms)
Completed 200 OK in 20ms (Views: 5.9ms | ActiveRecord: 0.9ms (2 queries, 0 cached) | GC: 0.0ms)


Started GET "/hotels/2/rooms/4/edit" for ::1 at 2025-11-12 19:55:39 +0000
Processing by RoomsController#edit as HTML
  Parameters: {"hotel_id" => "2", "id" => "4"}
  [1m[36mHotel Load (0.3ms)[0m  [1m[34mSELECT "hotels".* FROM "hotels" WHERE "hotels"."id" = 2 LIMIT 1 /*action='edit',application='HotelManagement',controller='rooms'*/[0m
  ↳ app/controllers/rooms_controller.rb:44:in 'RoomsController#set_hotel'
  [1m[36mRoom Load (0.3ms)[0m  [1m[34mSELECT "rooms".* FROM "rooms" WHERE "rooms"."hotel_id" = 2 AND "rooms"."id" = 4 LIMIT 1 /*action='edit',application='HotelManagement',controller='rooms'*/[0m
  ↳ app/controllers/rooms_controller.rb:48:in 'RoomsController#set_room'
  Rendering layout layouts/application.html.erb
  Rendering rooms/edit.html.erb within layouts/application
  Rendered rooms/_form.html.erb (Duration: 1.5ms | GC: 0.0ms)
  Rendered rooms/edit.html.erb within layouts/application (Duration: 2.1ms | GC: 0.0ms)
  Rendered layout layouts/application.html.erb (Duration: 3.0ms | GC: 0.0ms)
Completed 200 OK in 19ms (Views: 3.7ms | ActiveRecord: 0.6ms (2 queries, 0 cached) | GC: 0.0ms)


Started GET "/hotels/2/rooms" for ::1 at 2025-11-12 19:55:40 +0000
Processing by RoomsController#index as HTML
  Parameters: {"hotel_id" => "2"}
  [1m[36mHotel Load (0.4ms)[0m  [1m[34mSELECT "hotels".* FROM "hotels" WHERE "hotels"."id" = 2 LIMIT 1 /*action='index',application='HotelManagement',controller='rooms'*/[0m
  ↳ app/controllers/rooms_controller.rb:44:in 'RoomsController#set_hotel'
  Rendering layout layouts/application.html.erb
  Rendering rooms/index.html.erb within layouts/application
  [1m[36mRoom Load (0.5ms)[0m  [1m[34mSELECT "rooms".* FROM "rooms" WHERE "rooms"."hotel_id" = 2 /*action='index',application='HotelManagement',controller='rooms'*/[0m
  ↳ app/views/rooms/index.html.erb:20
  Rendered rooms/index.html.erb within layouts/application (Duration: 3.5ms | GC: 0.0ms)
  Rendered layout layouts/application.html.erb (Duration: 5.1ms | GC: 0.0ms)
Completed 200 OK in 19ms (Views: 5.4ms | ActiveRecord: 0.9ms (2 queries, 0 cached) | GC: 0.0ms)


Started GET "/hotels" for ::1 at 2025-11-12 19:55:45 +0000
Processing by HotelsController#index as HTML
  Rendering layout layouts/application.html.erb
  Rendering hotels/index.html.erb within layouts/application
  [1m[36mHotel Load (0.3ms)[0m  [1m[34mSELECT "hotels".* FROM "hotels" /*action='index',application='HotelManagement',controller='hotels'*/[0m
  ↳ app/views/hotels/index.html.erb:17
  Rendered hotels/index.html.erb within layouts/application (Duration: 3.8ms | GC: 0.0ms)
  Rendered layout layouts/application.html.erb (Duration: 4.9ms | GC: 0.0ms)
Completed 200 OK in 19ms (Views: 5.4ms | ActiveRecord: 0.3ms (1 query, 0 cached) | GC: 0.0ms)


Started GET "/hotels/2/edit" for ::1 at 2025-11-12 19:56:13 +0000
Processing by HotelsController#edit as HTML
  Parameters: {"id" => "2"}
  [1m[36mHotel Load (0.3ms)[0m  [1m[34mSELECT "hotels".* FROM "hotels" WHERE "hotels"."id" = 2 LIMIT 1 /*action='edit',application='HotelManagement',controller='hotels'*/[0m
  ↳ app/controllers/hotels_controller.rb:43:in 'HotelsController#set_hotel'
  Rendering layout layouts/application.html.erb
  Rendering hotels/edit.html.erb within layouts/application
  Rendered hotels/_form.html.erb (Duration: 1.4ms | GC: 0.0ms)
  Rendered hotels/edit.html.erb within layouts/application (Duration: 1.7ms | GC: 0.0ms)
  Rendered layout layouts/application.html.erb (Duration: 2.8ms | GC: 0.0ms)
Completed 200 OK in 17ms (Views: 3.9ms | ActiveRecord: 0.3ms (1 query, 0 cached) | GC: 0.0ms)


Started GET "/hotels" for ::1 at 2025-11-12 19:56:15 +0000
Processing by HotelsController#index as HTML
  Rendering layout layouts/application.html.erb
  Rendering hotels/index.html.erb within layouts/application
  [1m[36mHotel Load (0.3ms)[0m  [1m[34mSELECT "hotels".* FROM "hotels" /*action='index',application='HotelManagement',controller='hotels'*/[0m
  ↳ app/views/hotels/index.html.erb:17
  Rendered hotels/index.html.erb within layouts/application (Duration: 2.5ms | GC: 0.0ms)
  Rendered layout layouts/application.html.erb (Duration: 3.5ms | GC: 0.0ms)
Completed 200 OK in 15ms (Views: 4.1ms | ActiveRecord: 0.3ms (1 query, 0 cached) | GC: 0.0ms)


Started GET "/hotels/2/rooms" for ::1 at 2025-11-12 19:56:17 +0000
Processing by RoomsController#index as HTML
  Parameters: {"hotel_id" => "2"}
  [1m[36mHotel Load (0.3ms)[0m  [1m[34mSELECT "hotels".* FROM "hotels" WHERE "hotels"."id" = 2 LIMIT 1 /*action='index',application='HotelManagement',controller='rooms'*/[0m
  ↳ app/controllers/rooms_controller.rb:44:in 'RoomsController#set_hotel'
  Rendering layout layouts/application.html.erb
  Rendering rooms/index.html.erb within layouts/application
  [1m[36mRoom Load (0.5ms)[0m  [1m[34mSELECT "rooms".* FROM "rooms" WHERE "rooms"."hotel_id" = 2 /*action='index',application='HotelManagement',controller='rooms'*/[0m
  ↳ app/views/rooms/index.html.erb:20
  Rendered rooms/index.html.erb within layouts/application (Duration: 3.6ms | GC: 0.0ms)
  Rendered layout layouts/application.html.erb (Duration: 5.6ms | GC: 0.0ms)
Completed 200 OK in 22ms (Views: 7.3ms | ActiveRecord: 0.7ms (2 queries, 0 cached) | GC: 0.0ms)


Started GET "/hotels/2/rooms" for ::1 at 2025-11-12 19:56:47 +0000
Processing by RoomsController#index as HTML
  Parameters: {"hotel_id" => "2"}
  [1m[36mHotel Load (0.2ms)[0m  [1m[34mSELECT "hotels".* FROM "hotels" WHERE "hotels"."id" = 2 LIMIT 1 /*action='index',application='HotelManagement',controller='rooms'*/[0m
  ↳ app/controllers/rooms_controller.rb:44:in 'RoomsController#set_hotel'
  Rendering layout layouts/application.html.erb
  Rendering rooms/index.html.erb within layouts/application
  [1m[36mRoom Load (0.3ms)[0m  [1m[34mSELECT "rooms".* FROM "rooms" WHERE "rooms"."hotel_id" = 2 /*action='index',application='HotelManagement',controller='rooms'*/[0m
  ↳ app/views/rooms/index.html.erb:20
  Rendered rooms/index.html.erb within layouts/application (Duration: 8.3ms | GC: 0.0ms)
  Rendered layout layouts/application.html.erb (Duration: 16.6ms | GC: 0.0ms)
Completed 200 OK in 71ms (Views: 24.0ms | ActiveRecord: 19.5ms (2 queries, 0 cached) | GC: 0.0ms)


Started GET "/hotels/2/rooms" for ::1 at 2025-11-12 19:56:49 +0000
Processing by RoomsController#index as HTML
  Parameters: {"hotel_id" => "2"}
  [1m[36mHotel Load (0.4ms)[0m  [1m[34mSELECT "hotels".* FROM "hotels" WHERE "hotels"."id" = 2 LIMIT 1 /*action='index',application='HotelManagement',controller='rooms'*/[0m
  ↳ app/controllers/rooms_controller.rb:44:in 'RoomsController#set_hotel'
  Rendering layout layouts/application.html.erb
  Rendering rooms/index.html.erb within layouts/application
  [1m[36mRoom Load (0.5ms)[0m  [1m[34mSELECT "rooms".* FROM "rooms" WHERE "rooms"."hotel_id" = 2 /*action='index',application='HotelManagement',controller='rooms'*/[0m
  ↳ app/views/rooms/index.html.erb:20
  Rendered rooms/index.html.erb within layouts/application (Duration: 2.9ms | GC: 0.0ms)
  Rendered layout layouts/application.html.erb (Duration: 4.3ms | GC: 0.0ms)
Completed 200 OK in 17ms (Views: 4.4ms | ActiveRecord: 0.9ms (2 queries, 0 cached) | GC: 0.0ms)


Started GET "/hotels/2/rooms/4" for ::1 at 2025-11-12 19:56:51 +0000
Processing by RoomsController#show as HTML
  Parameters: {"hotel_id" => "2", "id" => "4"}
  [1m[36mHotel Load (0.3ms)[0m  [1m[34mSELECT "hotels".* FROM "hotels" WHERE "hotels"."id" = 2 LIMIT 1 /*action='show',application='HotelManagement',controller='rooms'*/[0m
  ↳ app/controllers/rooms_controller.rb:44:in 'RoomsController#set_hotel'
  [1m[36mRoom Load (0.3ms)[0m  [1m[34mSELECT "rooms".* FROM "rooms" WHERE "rooms"."hotel_id" = 2 AND "rooms"."id" = 4 LIMIT 1 /*action='show',application='HotelManagement',controller='rooms'*/[0m
  ↳ app/controllers/rooms_controller.rb:48:in 'RoomsController#set_room'
  Rendering layout layouts/application.html.erb
  Rendering rooms/show.html.erb within layouts/application
  Rendered rooms/show.html.erb within layouts/application (Duration: 0.8ms | GC: 0.0ms)
  Rendered layout layouts/application.html.erb (Duration: 2.2ms | GC: 0.0ms)
Completed 200 OK in 22ms (Views: 3.2ms | ActiveRecord: 0.6ms (2 queries, 0 cached) | GC: 0.0ms)


Started GET "/hotels" for ::1 at 2025-11-12 19:56:54 +0000
Processing by HotelsController#index as HTML
  Rendering layout layouts/application.html.erb
  Rendering hotels/index.html.erb within layouts/application
  [1m[36mHotel Load (0.3ms)[0m  [1m[34mSELECT "hotels".* FROM "hotels" /*action='index',application='HotelManagement',controller='hotels'*/[0m
  ↳ app/views/hotels/index.html.erb:17
  Rendered hotels/index.html.erb within layouts/application (Duration: 4.8ms | GC: 0.0ms)
  Rendered layout layouts/application.html.erb (Duration: 7.6ms | GC: 0.0ms)
Completed 200 OK in 31ms (Views: 16.6ms | ActiveRecord: 0.3ms (1 query, 0 cached) | GC: 0.0ms)


Started GET "/hotels/2" for ::1 at 2025-11-12 19:56:55 +0000
Processing by HotelsController#show as HTML
  Parameters: {"id" => "2"}
  [1m[36mHotel Load (0.3ms)[0m  [1m[34mSELECT "hotels".* FROM "hotels" WHERE "hotels"."id" = 2 LIMIT 1 /*action='show',application='HotelManagement',controller='hotels'*/[0m
  ↳ app/controllers/hotels_controller.rb:43:in 'HotelsController#set_hotel'
  Rendering layout layouts/application.html.erb
  Rendering hotels/show.html.erb within layouts/application
  Rendered hotels/show.html.erb within layouts/application (Duration: 0.7ms | GC: 0.0ms)
  Rendered layout layouts/application.html.erb (Duration: 1.9ms | GC: 0.0ms)
Completed 200 OK in 17ms (Views: 2.6ms | ActiveRecord: 0.3ms (1 query, 0 cached) | GC: 0.0ms)


Started GET "/hotels" for ::1 at 2025-11-12 19:56:57 +0000
Processing by HotelsController#index as HTML
  Rendering layout layouts/application.html.erb
  Rendering hotels/index.html.erb within layouts/application
  [1m[36mHotel Load (0.3ms)[0m  [1m[34mSELECT "hotels".* FROM "hotels" /*action='index',application='HotelManagement',controller='hotels'*/[0m
  ↳ app/views/hotels/index.html.erb:17
  Rendered hotels/index.html.erb within layouts/application (Duration: 3.0ms | GC: 0.0ms)
  Rendered layout layouts/application.html.erb (Duration: 4.6ms | GC: 0.0ms)
Completed 200 OK in 16ms (Views: 5.1ms | ActiveRecord: 0.3ms (1 query, 0 cached) | GC: 0.0ms)


Started GET "/hotels/2" for ::1 at 2025-11-12 19:56:58 +0000
Processing by HotelsController#show as HTML
  Parameters: {"id" => "2"}
  [1m[36mHotel Load (0.3ms)[0m  [1m[34mSELECT "hotels".* FROM "hotels" WHERE "hotels"."id" = 2 LIMIT 1 /*action='show',application='HotelManagement',controller='hotels'*/[0m
  ↳ app/controllers/hotels_controller.rb:43:in 'HotelsController#set_hotel'
  Rendering layout layouts/application.html.erb
  Rendering hotels/show.html.erb within layouts/application
  Rendered hotels/show.html.erb within layouts/application (Duration: 0.2ms | GC: 0.0ms)
  Rendered layout layouts/application.html.erb (Duration: 1.2ms | GC: 0.0ms)
Completed 200 OK in 16ms (Views: 2.1ms | ActiveRecord: 0.3ms (1 query, 0 cached) | GC: 0.0ms)


Started GET "/hotels" for ::1 at 2025-11-12 19:56:59 +0000
Processing by HotelsController#index as HTML
  Rendering layout layouts/application.html.erb
  Rendering hotels/index.html.erb within layouts/application
  [1m[36mHotel Load (0.5ms)[0m  [1m[34mSELECT "hotels".* FROM "hotels" /*action='index',application='HotelManagement',controller='hotels'*/[0m
  ↳ app/views/hotels/index.html.erb:17
  Rendered hotels/index.html.erb within layouts/application (Duration: 3.0ms | GC: 0.0ms)
  Rendered layout layouts/application.html.erb (Duration: 4.1ms | GC: 0.0ms)
Completed 200 OK in 15ms (Views: 4.3ms | ActiveRecord: 0.5ms (1 query, 0 cached) | GC: 0.0ms)


Started GET "/hotels/2" for ::1 at 2025-11-12 19:57:00 +0000
Processing by HotelsController#show as HTML
  Parameters: {"id" => "2"}
  [1m[36mHotel Load (0.6ms)[0m  [1m[34mSELECT "hotels".* FROM "hotels" WHERE "hotels"."id" = 2 LIMIT 1 /*action='show',application='HotelManagement',controller='hotels'*/[0m
  ↳ app/controllers/hotels_controller.rb:43:in 'HotelsController#set_hotel'
  Rendering layout layouts/application.html.erb
  Rendering hotels/show.html.erb within layouts/application
  Rendered hotels/show.html.erb within layouts/application (Duration: 0.2ms | GC: 0.0ms)
  Rendered layout layouts/application.html.erb (Duration: 1.2ms | GC: 0.0ms)
Completed 200 OK in 17ms (Views: 2.0ms | ActiveRecord: 0.6ms (1 query, 0 cached) | GC: 0.0ms)


Started GET "/hotels" for ::1 at 2025-11-12 19:57:02 +0000
Processing by HotelsController#index as HTML
  Rendering layout layouts/application.html.erb
  Rendering hotels/index.html.erb within layouts/application
  [1m[36mHotel Load (0.5ms)[0m  [1m[34mSELECT "hotels".* FROM "hotels" /*action='index',application='HotelManagement',controller='hotels'*/[0m
  ↳ app/views/hotels/index.html.erb:17
  Rendered hotels/index.html.erb within layouts/application (Duration: 3.6ms | GC: 0.0ms)
  Rendered layout layouts/application.html.erb (Duration: 5.0ms | GC: 0.0ms)
Completed 200 OK in 16ms (Views: 5.2ms | ActiveRecord: 0.5ms (1 query, 0 cached) | GC: 0.0ms)


Started GET "/hotels/2" for ::1 at 2025-11-12 19:57:09 +0000
Processing by HotelsController#show as HTML
  Parameters: {"id" => "2"}
  [1m[36mHotel Load (0.5ms)[0m  [1m[34mSELECT "hotels".* FROM "hotels" WHERE "hotels"."id" = 2 LIMIT 1 /*action='show',application='HotelManagement',controller='hotels'*/[0m
  ↳ app/controllers/hotels_controller.rb:43:in 'HotelsController#set_hotel'
  Rendering layout layouts/application.html.erb
  Rendering hotels/show.html.erb within layouts/application
  Rendered hotels/show.html.erb within layouts/application (Duration: 0.2ms | GC: 0.0ms)
  Rendered layout layouts/application.html.erb (Duration: 1.3ms | GC: 0.0ms)
Completed 200 OK in 15ms (Views: 2.0ms | ActiveRecord: 0.5ms (1 query, 0 cached) | GC: 0.0ms)


Started GET "/hotels" for ::1 at 2025-11-12 19:57:10 +0000
Processing by HotelsController#index as HTML
  Rendering layout layouts/application.html.erb
  Rendering hotels/index.html.erb within layouts/application
  [1m[36mHotel Load (0.3ms)[0m  [1m[34mSELECT "hotels".* FROM "hotels" /*action='index',application='HotelManagement',controller='hotels'*/[0m
  ↳ app/views/hotels/index.html.erb:17
  Rendered hotels/index.html.erb within layouts/application (Duration: 2.7ms | GC: 0.0ms)
  Rendered layout layouts/application.html.erb (Duration: 4.6ms | GC: 0.0ms)
Completed 200 OK in 16ms (Views: 5.3ms | ActiveRecord: 0.3ms (1 query, 0 cached) | GC: 0.0ms)


Started GET "/hotels/2/rooms" for ::1 at 2025-11-12 19:57:59 +0000
Processing by RoomsController#index as HTML
  Parameters: {"hotel_id" => "2"}
  [1m[36mHotel Load (0.4ms)[0m  [1m[34mSELECT "hotels".* FROM "hotels" WHERE "hotels"."id" = 2 LIMIT 1 /*action='index',application='HotelManagement',controller='rooms'*/[0m
  ↳ app/controllers/rooms_controller.rb:44:in 'RoomsController#set_hotel'
  Rendering layout layouts/application.html.erb
  Rendering rooms/index.html.erb within layouts/application
  [1m[36mRoom Load (0.4ms)[0m  [1m[34mSELECT "rooms".* FROM "rooms" WHERE "rooms"."hotel_id" = 2 /*action='index',application='HotelManagement',controller='rooms'*/[0m
  ↳ app/views/rooms/index.html.erb:20
  Rendered rooms/index.html.erb within layouts/application (Duration: 3.8ms | GC: 0.0ms)
  Rendered layout layouts/application.html.erb (Duration: 5.8ms | GC: 0.0ms)
Completed 200 OK in 22ms (Views: 6.6ms | ActiveRecord: 0.8ms (2 queries, 0 cached) | GC: 0.0ms)


Started GET "/hotels/2/rooms/2" for ::1 at 2025-11-12 19:58:00 +0000
Processing by RoomsController#show as HTML
  Parameters: {"hotel_id" => "2", "id" => "2"}
  [1m[36mHotel Load (0.3ms)[0m  [1m[34mSELECT "hotels".* FROM "hotels" WHERE "hotels"."id" = 2 LIMIT 1 /*action='show',application='HotelManagement',controller='rooms'*/[0m
  ↳ app/controllers/rooms_controller.rb:44:in 'RoomsController#set_hotel'
  [1m[36mRoom Load (0.5ms)[0m  [1m[34mSELECT "rooms".* FROM "rooms" WHERE "rooms"."hotel_id" = 2 AND "rooms"."id" = 2 LIMIT 1 /*action='show',application='HotelManagement',controller='rooms'*/[0m
  ↳ app/controllers/rooms_controller.rb:48:in 'RoomsController#set_room'
  Rendering layout layouts/application.html.erb
  Rendering rooms/show.html.erb within layouts/application
  Rendered rooms/show.html.erb within layouts/application (Duration: 0.0ms | GC: 0.0ms)
  Rendered layout layouts/application.html.erb (Duration: 1.8ms | GC: 0.0ms)
Completed 200 OK in 18ms (Views: 2.6ms | ActiveRecord: 0.8ms (2 queries, 0 cached) | GC: 0.0ms)


Started GET "/hotels/2/rooms/2" for ::1 at 2025-11-12 20:02:35 +0000
Processing by RoomsController#show as HTML
  Parameters: {"hotel_id" => "2", "id" => "2"}
  [1m[36mHotel Load (0.5ms)[0m  [1m[34mSELECT "hotels".* FROM "hotels" WHERE "hotels"."id" = 2 LIMIT 1 /*action='show',application='HotelManagement',controller='rooms'*/[0m
  ↳ app/controllers/rooms_controller.rb:44:in 'RoomsController#set_hotel'
  [1m[36mRoom Load (0.3ms)[0m  [1m[34mSELECT "rooms".* FROM "rooms" WHERE "rooms"."hotel_id" = 2 AND "rooms"."id" = 2 LIMIT 1 /*action='show',application='HotelManagement',controller='rooms'*/[0m
  ↳ app/controllers/rooms_controller.rb:48:in 'RoomsController#set_room'
  Rendering layout layouts/application.html.erb
  Rendering rooms/show.html.erb within layouts/application
  Rendered rooms/show.html.erb within layouts/application (Duration: 0.4ms | GC: 0.0ms)
  Rendered layout layouts/application.html.erb (Duration: 7.5ms | GC: 0.0ms)
Completed 200 OK in 58ms (Views: 23.2ms | ActiveRecord: 3.8ms (2 queries, 0 cached) | GC: 0.2ms)


Started GET "/" for ::1 at 2025-11-12 20:02:36 +0000
Processing by HotelsController#index as HTML
  Rendering layout layouts/application.html.erb
  Rendering hotels/index.html.erb within layouts/application
  [1m[36mHotel Load (0.4ms)[0m  [1m[34mSELECT "hotels".* FROM "hotels" /*action='index',application='HotelManagement',controller='hotels'*/[0m
  ↳ app/views/hotels/index.html.erb:17
  Rendered hotels/index.html.erb within layouts/application (Duration: 5.7ms | GC: 0.0ms)
  Rendered layout layouts/application.html.erb (Duration: 7.9ms | GC: 0.0ms)
Completed 200 OK in 29ms (Views: 16.4ms | ActiveRecord: 0.4ms (1 query, 0 cached) | GC: 0.0ms)


Started GET "/hotels/2/rooms" for ::1 at 2025-11-12 20:02:38 +0000
Processing by RoomsController#index as HTML
  Parameters: {"hotel_id" => "2"}
  [1m[36mHotel Load (0.4ms)[0m  [1m[34mSELECT "hotels".* FROM "hotels" WHERE "hotels"."id" = 2 LIMIT 1 /*action='index',application='HotelManagement',controller='rooms'*/[0m
  ↳ app/controllers/rooms_controller.rb:44:in 'RoomsController#set_hotel'
  Rendering layout layouts/application.html.erb
  Rendering rooms/index.html.erb within layouts/application
  Rendered rooms/index.html.erb within layouts/application (Duration: 15.5ms | GC: 0.0ms)
  Rendered layout layouts/application.html.erb (Duration: 16.4ms | GC: 0.0ms)
Completed 500 Internal Server Error in 34ms (ActiveRecord: 0.4ms (1 query, 0 cached) | GC: 0.0ms)


  
ActionView::SyntaxErrorInTemplate (Encountered a syntax error while rendering template located at: app/views/rooms/index.html.erb)
Caused by: ActiveSupport::SyntaxErrorProxy (C:/Users/joshm/hotel_management/app/views/rooms/index.html.erb:27: syntax error found
  [2m25 | [m        <td>
  [2m26 | [m          '.freeze; @output_buffer.append=( link_to "Edit", edit_hotel_room_path(@hotel, room), class: "btn btn-warning btn-sm" ); @output_buffer.safe_append='
[1;31m> [m[2m27 | [m...  "Are you sure?" }, class: "btn ...
  [2m   | [m    [1;31m^[m expected a `=>` between the hash key and value
  [2m28 | [m'.freeze; @output_buffer.safe_append='        </td>
  [2m29 | [m      </tr>
)

Information for: ActionView::SyntaxErrorInTemplate (Encountered a syntax error while rendering template located at: app/views/rooms/index.html.erb):
1:    <h1>Rooms#index</h1>
2:    <p>Find me in app/views/rooms/index.html.erb</p>
3:    
4:    <h2>Rooms for <%= @hotel.name %></h2>
5:    
6:    <%= link_to "Add New Room", new_hotel_room_path(@hotel), class: "btn btn-primary mb-3" %>
7:    <%= link_to "Back to Hotels", hotels_path, class: "btn btn-secondary mb-3" %>
8:    
9:    <table class="table table-striped">
10:      <thead>
11:        <tr>
12:          <th>Number</th>
13:          <th>Type</th>
14:          <th>Price</th>
15:          <th>Actions</th>
16:        </tr>
17:      </thead>
18:      <tbody>
19:        <% @rooms.each do |room| %>
20:          <tr>
21:            <td><%= room.number %></td>
22:            <td><%= room.room_type %></td>
23:            <td>$<%= room.price %></td>
24:            <td>
25:              <%= link_to "Edit", edit_hotel_room_path(@hotel, room), class: "btn btn-warning btn-sm" %>
26:              <%= button_to "Delete", hotel_room_path(@hotel, room), method: :delete, data: { confirm "Are you sure?" }, class: "btn btn-danger btn-sm" %>
27:            </td>
28:          </tr>
29:        <% end %>
30:      </tbody>
31:    </table>
  
app/views/rooms/index.html.erb:27: syntax error found

Information for cause: ActiveSupport::SyntaxErrorProxy (C:/Users/joshm/hotel_management/app/views/rooms/index.html.erb:27: syntax error found
  [2m25 | [m        <td>
  [2m26 | [m          '.freeze; @output_buffer.append=( link_to "Edit", edit_hotel_room_path(@hotel, room), class: "btn btn-warning btn-sm" ); @output_buffer.safe_append='
[1;31m> [m[2m27 | [m...  "Are you sure?" }, class: "btn ...
  [2m   | [m    [1;31m^[m expected a `=>` between the hash key and value
  [2m28 | [m'.freeze; @output_buffer.safe_append='        </td>
  [2m29 | [m      </tr>
):
  
app/views/rooms/index.html.erb:27: syntax error found
Started GET "/favicon.ico" for ::1 at 2025-11-12 20:02:39 +0000
  
ActionController::RoutingError (No route matches [GET] "/favicon.ico"):
  
Started GET "/hotels/2/rooms" for ::1 at 2025-11-12 20:03:23 +0000
Processing by RoomsController#index as HTML
  Parameters: {"hotel_id" => "2"}
  [1m[36mHotel Load (0.1ms)[0m  [1m[34mSELECT "hotels".* FROM "hotels" WHERE "hotels"."id" = 2 LIMIT 1 /*action='index',application='HotelManagement',controller='rooms'*/[0m
  ↳ app/controllers/rooms_controller.rb:44:in 'RoomsController#set_hotel'
  Rendering layout layouts/application.html.erb
  Rendering rooms/index.html.erb within layouts/application
  Rendered rooms/index.html.erb within layouts/application (Duration: 1.3ms | GC: 0.0ms)
  Rendered layout layouts/application.html.erb (Duration: 1.9ms | GC: 0.0ms)
Completed 500 Internal Server Error in 40ms (ActiveRecord: 2.4ms (1 query, 0 cached) | GC: 0.0ms)


  
ActionView::SyntaxErrorInTemplate (Encountered a syntax error while rendering template located at: app/views/rooms/index.html.erb)
Caused by: ActiveSupport::SyntaxErrorProxy (C:/Users/joshm/hotel_management/app/views/rooms/index.html.erb:27: syntax error found
  [2m25 | [m        <td>
  [2m26 | [m          '.freeze; @output_buffer.append=( link_to "Edit", edit_hotel_room_path(@hotel, room), class: "btn btn-warning btn-sm" ); @output_buffer.safe_append='
[1;31m> [m[2m27 | [m...  "Are you sure?" }, class: "btn ...
  [2m   | [m    [1;31m^[m expected a `=>` between the hash key and value
  [2m28 | [m'.freeze; @output_buffer.safe_append='        </td>
  [2m29 | [m      </tr>
)

Information for: ActionView::SyntaxErrorInTemplate (Encountered a syntax error while rendering template located at: app/views/rooms/index.html.erb):
1:    <h1>Rooms#index</h1>
2:    <p>Find me in app/views/rooms/index.html.erb</p>
3:    
4:    <h2>Rooms for <%= @hotel.name %></h2>
5:    
6:    <%= link_to "Add New Room", new_hotel_room_path(@hotel), class: "btn btn-primary mb-3" %>
7:    <%= link_to "Back to Hotels", hotels_path, class: "btn btn-secondary mb-3" %>
8:    
9:    <table class="table table-striped">
10:      <thead>
11:        <tr>
12:          <th>Number</th>
13:          <th>Type</th>
14:          <th>Price</th>
15:          <th>Actions</th>
16:        </tr>
17:      </thead>
18:      <tbody>
19:        <% @rooms.each do |room| %>
20:          <tr>
21:            <td><%= room.number %></td>
22:            <td><%= room.room_type %></td>
23:            <td>$<%= room.price %></td>
24:            <td>
25:              <%= link_to "Edit", edit_hotel_room_path(@hotel, room), class: "btn btn-warning btn-sm" %>
26:              <%= button_to "Delete", room_path(@hotel, room), method: :delete, data: { confirm "Are you sure?" }, class: "btn btn-danger btn-sm" %>
27:            </td>
28:          </tr>
29:        <% end %>
30:      </tbody>
31:    </table>
  
app/views/rooms/index.html.erb:27: syntax error found

Information for cause: ActiveSupport::SyntaxErrorProxy (C:/Users/joshm/hotel_management/app/views/rooms/index.html.erb:27: syntax error found
  [2m25 | [m        <td>
  [2m26 | [m          '.freeze; @output_buffer.append=( link_to "Edit", edit_hotel_room_path(@hotel, room), class: "btn btn-warning btn-sm" ); @output_buffer.safe_append='
[1;31m> [m[2m27 | [m...  "Are you sure?" }, class: "btn ...
  [2m   | [m    [1;31m^[m expected a `=>` between the hash key and value
  [2m28 | [m'.freeze; @output_buffer.safe_append='        </td>
  [2m29 | [m      </tr>
):
  
app/views/rooms/index.html.erb:27: syntax error found
Started GET "/hotels/2/rooms" for ::1 at 2025-11-12 20:03:28 +0000
Processing by RoomsController#index as HTML
  Parameters: {"hotel_id" => "2"}
  [1m[36mHotel Load (0.5ms)[0m  [1m[34mSELECT "hotels".* FROM "hotels" WHERE "hotels"."id" = 2 LIMIT 1 /*action='index',application='HotelManagement',controller='rooms'*/[0m
  ↳ app/controllers/rooms_controller.rb:44:in 'RoomsController#set_hotel'
  Rendering layout layouts/application.html.erb
  Rendering rooms/index.html.erb within layouts/application
  Rendered rooms/index.html.erb within layouts/application (Duration: 1.0ms | GC: 0.0ms)
  Rendered layout layouts/application.html.erb (Duration: 1.4ms | GC: 0.0ms)
Completed 500 Internal Server Error in 15ms (ActiveRecord: 0.5ms (1 query, 0 cached) | GC: 0.0ms)


  
ActionView::SyntaxErrorInTemplate (Encountered a syntax error while rendering template located at: app/views/rooms/index.html.erb)
Caused by: ActiveSupport::SyntaxErrorProxy (C:/Users/joshm/hotel_management/app/views/rooms/index.html.erb:27: syntax error found
  [2m25 | [m        <td>
  [2m26 | [m          '.freeze; @output_buffer.append=( link_to "Edit", edit_hotel_room_path(@hotel, room), class: "btn btn-warning btn-sm" ); @output_buffer.safe_append='
[1;31m> [m[2m27 | [m...  "Are you sure?" }, class: "btn ...
  [2m   | [m    [1;31m^[m expected a `=>` between the hash key and value
  [2m28 | [m'.freeze; @output_buffer.safe_append='        </td>
  [2m29 | [m      </tr>
)

Information for: ActionView::SyntaxErrorInTemplate (Encountered a syntax error while rendering template located at: app/views/rooms/index.html.erb):
1:    <h1>Rooms#index</h1>
2:    <p>Find me in app/views/rooms/index.html.erb</p>
3:    
4:    <h2>Rooms for <%= @hotel.name %></h2>
5:    
6:    <%= link_to "Add New Room", new_hotel_room_path(@hotel), class: "btn btn-primary mb-3" %>
7:    <%= link_to "Back to Hotels", hotels_path, class: "btn btn-secondary mb-3" %>
8:    
9:    <table class="table table-striped">
10:      <thead>
11:        <tr>
12:          <th>Number</th>
13:          <th>Type</th>
14:          <th>Price</th>
15:          <th>Actions</th>
16:        </tr>
17:      </thead>
18:      <tbody>
19:        <% @rooms.each do |room| %>
20:          <tr>
21:            <td><%= room.number %></td>
22:            <td><%= room.room_type %></td>
23:            <td>$<%= room.price %></td>
24:            <td>
25:              <%= link_to "Edit", edit_hotel_room_path(@hotel, room), class: "btn btn-warning btn-sm" %>
26:              <%= button_to "Delete", room_path(@hotel, room), method: :delete, data: { confirm "Are you sure?" }, class: "btn btn-danger btn-sm" %>
27:            </td>
28:          </tr>
29:        <% end %>
30:      </tbody>
31:    </table>
  
app/views/rooms/index.html.erb:27: syntax error found

Information for cause: ActiveSupport::SyntaxErrorProxy (C:/Users/joshm/hotel_management/app/views/rooms/index.html.erb:27: syntax error found
  [2m25 | [m        <td>
  [2m26 | [m          '.freeze; @output_buffer.append=( link_to "Edit", edit_hotel_room_path(@hotel, room), class: "btn btn-warning btn-sm" ); @output_buffer.safe_append='
[1;31m> [m[2m27 | [m...  "Are you sure?" }, class: "btn ...
  [2m   | [m    [1;31m^[m expected a `=>` between the hash key and value
  [2m28 | [m'.freeze; @output_buffer.safe_append='        </td>
  [2m29 | [m      </tr>
):
  
app/views/rooms/index.html.erb:27: syntax error found
Started GET "/hotels/2/rooms" for ::1 at 2025-11-12 20:03:36 +0000
Processing by RoomsController#index as HTML
  Parameters: {"hotel_id" => "2"}
  [1m[36mHotel Load (0.4ms)[0m  [1m[34mSELECT "hotels".* FROM "hotels" WHERE "hotels"."id" = 2 LIMIT 1 /*action='index',application='HotelManagement',controller='rooms'*/[0m
  ↳ app/controllers/rooms_controller.rb:44:in 'RoomsController#set_hotel'
  Rendering layout layouts/application.html.erb
  Rendering rooms/index.html.erb within layouts/application
  [1m[36mRoom Load (0.5ms)[0m  [1m[34mSELECT "rooms".* FROM "rooms" WHERE "rooms"."hotel_id" = 2 /*action='index',application='HotelManagement',controller='rooms'*/[0m
  ↳ app/views/rooms/index.html.erb:20
  Rendered rooms/index.html.erb within layouts/application (Duration: 10.6ms | GC: 0.0ms)
  Rendered layout layouts/application.html.erb (Duration: 20.1ms | GC: 0.0ms)
Completed 200 OK in 63ms (Views: 29.4ms | ActiveRecord: 5.0ms (2 queries, 0 cached) | GC: 0.2ms)


Started GET "/hotels/2/rooms/2/edit" for ::1 at 2025-11-12 20:03:41 +0000
Processing by RoomsController#edit as HTML
  Parameters: {"hotel_id" => "2", "id" => "2"}
  [1m[36mHotel Load (0.3ms)[0m  [1m[34mSELECT "hotels".* FROM "hotels" WHERE "hotels"."id" = 2 LIMIT 1 /*action='edit',application='HotelManagement',controller='rooms'*/[0m
  ↳ app/controllers/rooms_controller.rb:44:in 'RoomsController#set_hotel'
  [1m[36mRoom Load (0.3ms)[0m  [1m[34mSELECT "rooms".* FROM "rooms" WHERE "rooms"."hotel_id" = 2 AND "rooms"."id" = 2 LIMIT 1 /*action='edit',application='HotelManagement',controller='rooms'*/[0m
  ↳ app/controllers/rooms_controller.rb:48:in 'RoomsController#set_room'
  Rendering layout layouts/application.html.erb
  Rendering rooms/edit.html.erb within layouts/application
  Rendered rooms/_form.html.erb (Duration: 2.7ms | GC: 0.0ms)
  Rendered rooms/edit.html.erb within layouts/application (Duration: 5.3ms | GC: 0.0ms)
  Rendered layout layouts/application.html.erb (Duration: 6.3ms | GC: 0.0ms)
Completed 200 OK in 25ms (Views: 6.9ms | ActiveRecord: 0.6ms (2 queries, 0 cached) | GC: 0.0ms)


Started GET "/hotels/2/rooms" for ::1 at 2025-11-12 20:03:43 +0000
Processing by RoomsController#index as HTML
  Parameters: {"hotel_id" => "2"}
  [1m[36mHotel Load (0.3ms)[0m  [1m[34mSELECT "hotels".* FROM "hotels" WHERE "hotels"."id" = 2 LIMIT 1 /*action='index',application='HotelManagement',controller='rooms'*/[0m
  ↳ app/controllers/rooms_controller.rb:44:in 'RoomsController#set_hotel'
  Rendering layout layouts/application.html.erb
  Rendering rooms/index.html.erb within layouts/application
  [1m[36mRoom Load (0.2ms)[0m  [1m[34mSELECT "rooms".* FROM "rooms" WHERE "rooms"."hotel_id" = 2 /*action='index',application='HotelManagement',controller='rooms'*/[0m
  ↳ app/views/rooms/index.html.erb:20
  Rendered rooms/index.html.erb within layouts/application (Duration: 2.9ms | GC: 0.0ms)
  Rendered layout layouts/application.html.erb (Duration: 4.3ms | GC: 0.0ms)
Completed 200 OK in 17ms (Views: 4.6ms | ActiveRecord: 0.5ms (2 queries, 0 cached) | GC: 0.0ms)


Started GET "/hotels/2/rooms/2/edit" for ::1 at 2025-11-12 20:03:45 +0000
Processing by RoomsController#edit as HTML
  Parameters: {"hotel_id" => "2", "id" => "2"}
  [1m[36mHotel Load (0.4ms)[0m  [1m[34mSELECT "hotels".* FROM "hotels" WHERE "hotels"."id" = 2 LIMIT 1 /*action='edit',application='HotelManagement',controller='rooms'*/[0m
  ↳ app/controllers/rooms_controller.rb:44:in 'RoomsController#set_hotel'
  [1m[36mRoom Load (0.3ms)[0m  [1m[34mSELECT "rooms".* FROM "rooms" WHERE "rooms"."hotel_id" = 2 AND "rooms"."id" = 2 LIMIT 1 /*action='edit',application='HotelManagement',controller='rooms'*/[0m
  ↳ app/controllers/rooms_controller.rb:48:in 'RoomsController#set_room'
  Rendering layout layouts/application.html.erb
  Rendering rooms/edit.html.erb within layouts/application
  Rendered rooms/_form.html.erb (Duration: 1.6ms | GC: 0.0ms)
  Rendered rooms/edit.html.erb within layouts/application (Duration: 2.1ms | GC: 0.0ms)
  Rendered layout layouts/application.html.erb (Duration: 3.2ms | GC: 0.0ms)
Completed 200 OK in 19ms (Views: 3.8ms | ActiveRecord: 0.7ms (2 queries, 0 cached) | GC: 0.0ms)


Started GET "/hotels/2/rooms" for ::1 at 2025-11-12 20:03:46 +0000
Processing by RoomsController#index as HTML
  Parameters: {"hotel_id" => "2"}
  [1m[36mHotel Load (0.3ms)[0m  [1m[34mSELECT "hotels".* FROM "hotels" WHERE "hotels"."id" = 2 LIMIT 1 /*action='index',application='HotelManagement',controller='rooms'*/[0m
  ↳ app/controllers/rooms_controller.rb:44:in 'RoomsController#set_hotel'
  Rendering layout layouts/application.html.erb
  Rendering rooms/index.html.erb within layouts/application
  [1m[36mRoom Load (0.4ms)[0m  [1m[34mSELECT "rooms".* FROM "rooms" WHERE "rooms"."hotel_id" = 2 /*action='index',application='HotelManagement',controller='rooms'*/[0m
  ↳ app/views/rooms/index.html.erb:20
  Rendered rooms/index.html.erb within layouts/application (Duration: 3.7ms | GC: 0.0ms)
  Rendered layout layouts/application.html.erb (Duration: 5.1ms | GC: 0.0ms)
Completed 200 OK in 21ms (Views: 5.7ms | ActiveRecord: 0.7ms (2 queries, 0 cached) | GC: 0.0ms)


Started GET "/hotels" for ::1 at 2025-11-12 20:03:49 +0000
Processing by HotelsController#index as HTML
  Rendering layout layouts/application.html.erb
  Rendering hotels/index.html.erb within layouts/application
  [1m[36mHotel Load (0.4ms)[0m  [1m[34mSELECT "hotels".* FROM "hotels" /*action='index',application='HotelManagement',controller='hotels'*/[0m
  ↳ app/views/hotels/index.html.erb:17
  Rendered hotels/index.html.erb within layouts/application (Duration: 3.6ms | GC: 0.0ms)
  Rendered layout layouts/application.html.erb (Duration: 4.8ms | GC: 0.0ms)
Completed 200 OK in 24ms (Views: 11.2ms | ActiveRecord: 0.4ms (1 query, 0 cached) | GC: 0.0ms)


Started GET "/hotels" for ::1 at 2025-11-12 20:07:36 +0000
Processing by HotelsController#index as HTML
  Rendering layout layouts/application.html.erb
  Rendering hotels/index.html.erb within layouts/application
  [1m[36mHotel Load (0.3ms)[0m  [1m[34mSELECT "hotels".* FROM "hotels" /*action='index',application='HotelManagement',controller='hotels'*/[0m
  ↳ app/views/hotels/index.html.erb:17
  Rendered hotels/index.html.erb within layouts/application (Duration: 13.1ms | GC: 0.0ms)
  Rendered layout layouts/application.html.erb (Duration: 20.6ms | GC: 0.0ms)
Completed 200 OK in 45ms (Views: 26.6ms | ActiveRecord: 2.7ms (1 query, 0 cached) | GC: 0.0ms)


Started GET "/hotels/2/rooms" for ::1 at 2025-11-12 20:07:40 +0000
Processing by RoomsController#index as HTML
  Parameters: {"hotel_id" => "2"}
  [1m[36mHotel Load (0.3ms)[0m  [1m[34mSELECT "hotels".* FROM "hotels" WHERE "hotels"."id" = 2 LIMIT 1 /*action='index',application='HotelManagement',controller='rooms'*/[0m
  ↳ app/controllers/rooms_controller.rb:44:in 'RoomsController#set_hotel'
  Rendering layout layouts/application.html.erb
  Rendering rooms/index.html.erb within layouts/application
  [1m[36mRoom Load (0.3ms)[0m  [1m[34mSELECT "rooms".* FROM "rooms" WHERE "rooms"."hotel_id" = 2 /*action='index',application='HotelManagement',controller='rooms'*/[0m
  ↳ app/views/rooms/index.html.erb:20
  Rendered rooms/index.html.erb within layouts/application (Duration: 10.0ms | GC: 0.0ms)
  Rendered layout layouts/application.html.erb (Duration: 11.0ms | GC: 0.0ms)
Completed 500 Internal Server Error in 42ms (ActiveRecord: 2.4ms (2 queries, 0 cached) | GC: 0.0ms)


  
ActionView::Template::Error (undefined local variable or method 'hotel' for an instance of #<Class:0x000001fbbe5ba8e0>)
Caused by: NameError (undefined local variable or method 'hotel' for an instance of #<Class:0x000001fbbe5ba8e0>)

Information for: ActionView::Template::Error (undefined local variable or method 'hotel' for an instance of #<Class:0x000001fbbe5ba8e0>):
    24:         <td>
    25:           <%= link_to "Edit", edit_hotel_room_path(@hotel, room), class: "btn btn-warning btn-sm" %>
    26:           <%= button_to 'Delete', hotel_path(hotel), 
    27:             method: :delete, 
    28:             data: { confirm: 'Are you sure you want to delete this hotel?' }, 
    29:             class: "btn btn-sm btn-danger ms-2" %>
    30:         </td>
  
app/views/rooms/index.html.erb:27
app/views/rooms/index.html.erb:20

Information for cause: NameError (undefined local variable or method 'hotel' for an instance of #<Class:0x000001fbbe5ba8e0>):
  
app/views/rooms/index.html.erb:27
app/views/rooms/index.html.erb:20
Started GET "/hotels/2/rooms" for ::1 at 2025-11-12 20:08:26 +0000
Processing by RoomsController#index as HTML
  Parameters: {"hotel_id" => "2"}
  [1m[36mHotel Load (0.3ms)[0m  [1m[34mSELECT "hotels".* FROM "hotels" WHERE "hotels"."id" = 2 LIMIT 1 /*action='index',application='HotelManagement',controller='rooms'*/[0m
  ↳ app/controllers/rooms_controller.rb:44:in 'RoomsController#set_hotel'
  Rendering layout layouts/application.html.erb
  Rendering rooms/index.html.erb within layouts/application
  [1m[36mRoom Load (0.5ms)[0m  [1m[34mSELECT "rooms".* FROM "rooms" WHERE "rooms"."hotel_id" = 2 /*action='index',application='HotelManagement',controller='rooms'*/[0m
  ↳ app/views/rooms/index.html.erb:20
  Rendered rooms/index.html.erb within layouts/application (Duration: 11.4ms | GC: 0.0ms)
  Rendered layout layouts/application.html.erb (Duration: 12.3ms | GC: 0.0ms)
Completed 500 Internal Server Error in 55ms (ActiveRecord: 4.5ms (2 queries, 0 cached) | GC: 0.0ms)


  
ActionView::Template::Error (No route matches {action: "show", controller: "rooms", hotel_id: #<Room id: 2, number: "1", room_type: "Double", price: 0.2e3, hotel_id: 2, created_at: "2025-11-09 14:21:31.343615000 +0000", updated_at: "2025-11-09 14:21:31.343615000 +0000">}, missing required keys: [:id])
Caused by: ActionController::UrlGenerationError (No route matches {action: "show", controller: "rooms", hotel_id: #<Room id: 2, number: "1", room_type: "Double", price: 0.2e3, hotel_id: 2, created_at: "2025-11-09 14:21:31.343615000 +0000", updated_at: "2025-11-09 14:21:31.343615000 +0000">}, missing required keys: [:id])

Information for: ActionView::Template::Error (No route matches {action: "show", controller: "rooms", hotel_id: #<Room id: 2, number: "1", room_type: "Double", price: 0.2e3, hotel_id: 2, created_at: "2025-11-09 14:21:31.343615000 +0000", updated_at: "2025-11-09 14:21:31.343615000 +0000">}, missing required keys: [:id]):
    24:         <td>
    25:           <%= link_to "Edit", edit_hotel_room_path(@hotel, room), class: "btn btn-warning btn-sm" %>
    26:           <%= button_to 'Delete', hotel_room_path(room), 
    27:             method: :delete, 
    28:             data: { confirm: 'Are you sure you want to delete this room?' }, 
    29:             class: "btn btn-sm btn-danger ms-2" %>
    30:         </td>
  
app/views/rooms/index.html.erb:27
app/views/rooms/index.html.erb:20

Information for cause: ActionController::UrlGenerationError (No route matches {action: "show", controller: "rooms", hotel_id: #<Room id: 2, number: "1", room_type: "Double", price: 0.2e3, hotel_id: 2, created_at: "2025-11-09 14:21:31.343615000 +0000", updated_at: "2025-11-09 14:21:31.343615000 +0000">}, missing required keys: [:id]):
  
app/views/rooms/index.html.erb:27
app/views/rooms/index.html.erb:20
Started GET "/hotels/2/rooms" for ::1 at 2025-11-12 20:08:38 +0000
Processing by RoomsController#index as HTML
  Parameters: {"hotel_id" => "2"}
  [1m[36mHotel Load (0.2ms)[0m  [1m[34mSELECT "hotels".* FROM "hotels" WHERE "hotels"."id" = 2 LIMIT 1 /*action='index',application='HotelManagement',controller='rooms'*/[0m
  ↳ app/controllers/rooms_controller.rb:44:in 'RoomsController#set_hotel'
  Rendering layout layouts/application.html.erb
  Rendering rooms/index.html.erb within layouts/application
  [1m[36mRoom Load (0.4ms)[0m  [1m[34mSELECT "rooms".* FROM "rooms" WHERE "rooms"."hotel_id" = 2 /*action='index',application='HotelManagement',controller='rooms'*/[0m
  ↳ app/views/rooms/index.html.erb:20
  Rendered rooms/index.html.erb within layouts/application (Duration: 9.9ms | GC: 0.0ms)
  Rendered layout layouts/application.html.erb (Duration: 10.5ms | GC: 0.0ms)
Completed 500 Internal Server Error in 48ms (ActiveRecord: 4.0ms (2 queries, 0 cached) | GC: 0.0ms)


  
ActionView::Template::Error (undefined method 'room_path' for an instance of #<Class:0x000001fbc4df9d98>)
Caused by: NoMethodError (undefined method 'room_path' for an instance of #<Class:0x000001fbc4df9d98>)

Information for: ActionView::Template::Error (undefined method 'room_path' for an instance of #<Class:0x000001fbc4df9d98>):
    24:         <td>
    25:           <%= link_to "Edit", edit_hotel_room_path(@hotel, room), class: "btn btn-warning btn-sm" %>
    26:           <%= button_to 'Delete', room_path(room), 
    27:             method: :delete, 
    28:             data: { confirm: 'Are you sure you want to delete this room?' }, 
    29:             class: "btn btn-sm btn-danger ms-2" %>
    30:         </td>
  
app/views/rooms/index.html.erb:27
app/views/rooms/index.html.erb:20

Information for cause: NoMethodError (undefined method 'room_path' for an instance of #<Class:0x000001fbc4df9d98>):
  
app/views/rooms/index.html.erb:27
app/views/rooms/index.html.erb:20
Started GET "/hotels/2/rooms" for ::1 at 2025-11-12 20:08:46 +0000
Processing by RoomsController#index as HTML
  Parameters: {"hotel_id" => "2"}
  [1m[36mHotel Load (0.2ms)[0m  [1m[34mSELECT "hotels".* FROM "hotels" WHERE "hotels"."id" = 2 LIMIT 1 /*action='index',application='HotelManagement',controller='rooms'*/[0m
  ↳ app/controllers/rooms_controller.rb:44:in 'RoomsController#set_hotel'
  Rendering layout layouts/application.html.erb
  Rendering rooms/index.html.erb within layouts/application
  [1m[36mRoom Load (0.2ms)[0m  [1m[34mSELECT "rooms".* FROM "rooms" WHERE "rooms"."hotel_id" = 2 /*action='index',application='HotelManagement',controller='rooms'*/[0m
  ↳ app/views/rooms/index.html.erb:20
  Rendered rooms/index.html.erb within layouts/application (Duration: 8.2ms | GC: 0.0ms)
  Rendered layout layouts/application.html.erb (Duration: 8.9ms | GC: 0.0ms)
Completed 500 Internal Server Error in 45ms (ActiveRecord: 3.3ms (2 queries, 0 cached) | GC: 0.0ms)


  
ActionView::Template::Error (undefined method 'room' for an instance of #<Class:0x000001fbc5a5c810>)
Caused by: NoMethodError (undefined method 'room' for an instance of #<Class:0x000001fbc5a5c810>)

Information for: ActionView::Template::Error (undefined method 'room' for an instance of #<Class:0x000001fbc5a5c810>):
    24:         <td>
    25:           <%= link_to "Edit", edit_hotel_room_path(@hotel, room), class: "btn btn-warning btn-sm" %>
    26:           <%= button_to 'Delete', room(room), 
    27:             method: :delete, 
    28:             data: { confirm: 'Are you sure you want to delete this room?' }, 
    29:             class: "btn btn-sm btn-danger ms-2" %>
    30:         </td>
  
app/views/rooms/index.html.erb:27
app/views/rooms/index.html.erb:20

Information for cause: NoMethodError (undefined method 'room' for an instance of #<Class:0x000001fbc5a5c810>):
  
app/views/rooms/index.html.erb:27
app/views/rooms/index.html.erb:20
Started GET "/hotels/2/rooms" for ::1 at 2025-11-12 20:08:58 +0000
Processing by RoomsController#index as HTML
  Parameters: {"hotel_id" => "2"}
  [1m[36mHotel Load (0.3ms)[0m  [1m[34mSELECT "hotels".* FROM "hotels" WHERE "hotels"."id" = 2 LIMIT 1 /*action='index',application='HotelManagement',controller='rooms'*/[0m
  ↳ app/controllers/rooms_controller.rb:44:in 'RoomsController#set_hotel'
  Rendering layout layouts/application.html.erb
  Rendering rooms/index.html.erb within layouts/application
  [1m[36mRoom Load (0.5ms)[0m  [1m[34mSELECT "rooms".* FROM "rooms" WHERE "rooms"."hotel_id" = 2 /*action='index',application='HotelManagement',controller='rooms'*/[0m
  ↳ app/views/rooms/index.html.erb:20
  Rendered rooms/index.html.erb within layouts/application (Duration: 13.6ms | GC: 0.0ms)
  Rendered layout layouts/application.html.erb (Duration: 15.1ms | GC: 0.0ms)
Completed 500 Internal Server Error in 54ms (ActiveRecord: 4.3ms (2 queries, 0 cached) | GC: 0.0ms)


  
ActionView::Template::Error (No route matches {action: "show", controller: "rooms", hotel_id: #<Room id: 2, number: "1", room_type: "Double", price: 0.2e3, hotel_id: 2, created_at: "2025-11-09 14:21:31.343615000 +0000", updated_at: "2025-11-09 14:21:31.343615000 +0000">}, missing required keys: [:id])
Caused by: ActionController::UrlGenerationError (No route matches {action: "show", controller: "rooms", hotel_id: #<Room id: 2, number: "1", room_type: "Double", price: 0.2e3, hotel_id: 2, created_at: "2025-11-09 14:21:31.343615000 +0000", updated_at: "2025-11-09 14:21:31.343615000 +0000">}, missing required keys: [:id])

Information for: ActionView::Template::Error (No route matches {action: "show", controller: "rooms", hotel_id: #<Room id: 2, number: "1", room_type: "Double", price: 0.2e3, hotel_id: 2, created_at: "2025-11-09 14:21:31.343615000 +0000", updated_at: "2025-11-09 14:21:31.343615000 +0000">}, missing required keys: [:id]):
    24:         <td>
    25:           <%= link_to "Edit", edit_hotel_room_path(@hotel, room), class: "btn btn-warning btn-sm" %>
    26:           <%= button_to 'Delete', hotel_room_path(room), 
    27:             method: :delete, 
    28:             data: { confirm: 'Are you sure you want to delete this room?' }, 
    29:             class: "btn btn-sm btn-danger ms-2" %>
    30:         </td>
  
app/views/rooms/index.html.erb:27
app/views/rooms/index.html.erb:20

Information for cause: ActionController::UrlGenerationError (No route matches {action: "show", controller: "rooms", hotel_id: #<Room id: 2, number: "1", room_type: "Double", price: 0.2e3, hotel_id: 2, created_at: "2025-11-09 14:21:31.343615000 +0000", updated_at: "2025-11-09 14:21:31.343615000 +0000">}, missing required keys: [:id]):
  
app/views/rooms/index.html.erb:27
app/views/rooms/index.html.erb:20
Started GET "/hotels/2/rooms" for ::1 at 2025-11-12 20:10:17 +0000
Processing by RoomsController#index as HTML
  Parameters: {"hotel_id" => "2"}
  [1m[36mHotel Load (0.4ms)[0m  [1m[34mSELECT "hotels".* FROM "hotels" WHERE "hotels"."id" = 2 LIMIT 1 /*action='index',application='HotelManagement',controller='rooms'*/[0m
  ↳ app/controllers/rooms_controller.rb:44:in 'RoomsController#set_hotel'
  Rendering layout layouts/application.html.erb
  Rendering rooms/index.html.erb within layouts/application
  [1m[36mRoom Load (0.2ms)[0m  [1m[34mSELECT "rooms".* FROM "rooms" WHERE "rooms"."hotel_id" = 2 /*action='index',application='HotelManagement',controller='rooms'*/[0m
  ↳ app/views/rooms/index.html.erb:20
  Rendered rooms/index.html.erb within layouts/application (Duration: 8.5ms | GC: 0.0ms)
  Rendered layout layouts/application.html.erb (Duration: 16.4ms | GC: 0.0ms)
Completed 200 OK in 55ms (Views: 24.6ms | ActiveRecord: 4.0ms (2 queries, 0 cached) | GC: 0.0ms)


Started GET "/hotels" for ::1 at 2025-11-12 20:10:19 +0000
Processing by HotelsController#index as HTML
  Rendering layout layouts/application.html.erb
  Rendering hotels/index.html.erb within layouts/application
  [1m[36mHotel Load (0.3ms)[0m  [1m[34mSELECT "hotels".* FROM "hotels" /*action='index',application='HotelManagement',controller='hotels'*/[0m
  ↳ app/views/hotels/index.html.erb:17
  Rendered hotels/index.html.erb within layouts/application (Duration: 5.2ms | GC: 0.0ms)
  Rendered layout layouts/application.html.erb (Duration: 6.6ms | GC: 0.0ms)
Completed 200 OK in 27ms (Views: 14.3ms | ActiveRecord: 0.3ms (1 query, 0 cached) | GC: 0.0ms)


Started DELETE "/hotels/3" for ::1 at 2025-11-12 20:10:30 +0000
Processing by HotelsController#destroy as HTML
  Parameters: {"authenticity_token" => "[FILTERED]", "id" => "3"}
  [1m[36mHotel Load (0.5ms)[0m  [1m[34mSELECT "hotels".* FROM "hotels" WHERE "hotels"."id" = 3 LIMIT 1 /*action='destroy',application='HotelManagement',controller='hotels'*/[0m
  ↳ app/controllers/hotels_controller.rb:43:in 'HotelsController#set_hotel'
  [1m[36mTRANSACTION (0.1ms)[0m  [1m[35mBEGIN /*action='destroy',application='HotelManagement',controller='hotels'*/[0m
  ↳ app/controllers/hotels_controller.rb:36:in 'HotelsController#destroy'
  [1m[36mRoom Load (3.9ms)[0m  [1m[34mSELECT "rooms".* FROM "rooms" WHERE "rooms"."hotel_id" = 3 /*action='destroy',application='HotelManagement',controller='hotels'*/[0m
  ↳ app/controllers/hotels_controller.rb:36:in 'HotelsController#destroy'
  [1m[36mRoom Destroy (0.5ms)[0m  [1m[31mDELETE FROM "rooms" WHERE "rooms"."id" = 3 /*action='destroy',application='HotelManagement',controller='hotels'*/[0m
  ↳ app/controllers/hotels_controller.rb:36:in 'HotelsController#destroy'
  [1m[36mHotel Destroy (1.0ms)[0m  [1m[31mDELETE FROM "hotels" WHERE "hotels"."id" = 3 /*action='destroy',application='HotelManagement',controller='hotels'*/[0m
  ↳ app/controllers/hotels_controller.rb:36:in 'HotelsController#destroy'
  [1m[36mTRANSACTION (0.2ms)[0m  [1m[35mCOMMIT /*action='destroy',application='HotelManagement',controller='hotels'*/[0m
  ↳ app/controllers/hotels_controller.rb:36:in 'HotelsController#destroy'
Redirected to http://localhost:3000/hotels
↳ app/controllers/hotels_controller.rb:37:in 'HotelsController#destroy'
Completed 302 Found in 30ms (ActiveRecord: 6.1ms (4 queries, 0 cached) | GC: 0.0ms)


Started GET "/hotels" for ::1 at 2025-11-12 20:10:30 +0000
Processing by HotelsController#index as HTML
  Rendering layout layouts/application.html.erb
  Rendering hotels/index.html.erb within layouts/application
  [1m[36mHotel Load (0.3ms)[0m  [1m[34mSELECT "hotels".* FROM "hotels" /*action='index',application='HotelManagement',controller='hotels'*/[0m
  ↳ app/views/hotels/index.html.erb:17
  Rendered hotels/index.html.erb within layouts/application (Duration: 3.1ms | GC: 0.0ms)
  Rendered layout layouts/application.html.erb (Duration: 4.1ms | GC: 0.0ms)
Completed 200 OK in 17ms (Views: 4.8ms | ActiveRecord: 0.3ms (1 query, 0 cached) | GC: 0.0ms)


Started GET "/hotels" for ::1 at 2025-11-12 20:10:55 +0000
Processing by HotelsController#index as HTML
  Rendering layout layouts/application.html.erb
  Rendering hotels/index.html.erb within layouts/application
  Rendered hotels/index.html.erb within layouts/application (Duration: 1.9ms | GC: 0.0ms)
  Rendered layout layouts/application.html.erb (Duration: 3.4ms | GC: 0.0ms)
Completed 500 Internal Server Error in 28ms (ActiveRecord: 0.0ms (0 queries, 0 cached) | GC: 0.0ms)


  
ActionView::SyntaxErrorInTemplate (Encountered a syntax error while rendering template located at: app/views/hotels/index.html.erb)
Caused by: ActiveSupport::SyntaxErrorProxy (C:/Users/joshm/hotel_management/app/views/hotels/index.html.erb:28: syntax errors found
  [2m26 | [m'.freeze; @output_buffer.safe_append='                    '.freeze; @output_buffer.append=( button_to 'Delete', hotel_path(hotel), 
  [2m27 | [m                        method: :delete, 
[1;31m> [m[2m28 | [m... , ); @output_buffer.safe_append=' ...
  [2m   | [m    [1;31m^[m unexpected ')'; expected an argument
  [2m   | [m      [1;31m^[m unexpected ')', assuming it is closing the parent parentheses
  [2m   | [m      [1;31m^[m unexpected ')'; expected an argument
  [2m   | [m       [1;31m^[m expected an `end` to close the `def` statement
  [2m   | [m       [1;31m^[m expected a block beginning with `do` to end with `end`
)

Information for: ActionView::SyntaxErrorInTemplate (Encountered a syntax error while rendering template located at: app/views/hotels/index.html.erb):
1:    <h1>Hotels#index</h1>
2:    <p>Find me in app/views/hotels/index.html.erb</p>
3:    
4:    <%= link_to "Add New Hotel", new_hotel_path, class: "btn btn-primary mb-3" %>
5:    
6:    <table class="table table-bordered">
7:        <thead>
8:            <tr>
9:                <th>Name</th>
10:                <th>Location</th>
11:                <th>Rating</th>
12:                <th>Actions</th>
13:            </tr>
14:        </thead>
15:        <tbody>
16:            <% @hotels.each do |hotel| %>
17:                <tr>
18:                    <td><%= hotel.name %></td>
19:                    <td><%= hotel.location %></td>
20:                    <td><%= hotel.rating %></td>
21:                    <td>
22:                        <%= link_to "Show", hotel, class: "btn btn-info btn-sm" %>
23:                        <%= link_to "Rooms", hotel_rooms_path(hotel), class: "btn btn-success btn-sm" %>
24:                        <%= link_to "Edit", edit_hotel_path(hotel), class: "btn btn-warning btn-sm" %>
25:                        <%= button_to 'Delete', hotel_path(hotel), 
26:                            method: :delete, 
27:                            data: { confirm: 'Are you sure you want to delete this hotel?' }, %>
28:                    </td>
29:                </tr>
30:            <% end %>
31:        </tbody>
32:    </table>
  
app/views/hotels/index.html.erb:28: syntax errors found

Information for cause: ActiveSupport::SyntaxErrorProxy (C:/Users/joshm/hotel_management/app/views/hotels/index.html.erb:28: syntax errors found
  [2m26 | [m'.freeze; @output_buffer.safe_append='                    '.freeze; @output_buffer.append=( button_to 'Delete', hotel_path(hotel), 
  [2m27 | [m                        method: :delete, 
[1;31m> [m[2m28 | [m... , ); @output_buffer.safe_append=' ...
  [2m   | [m    [1;31m^[m unexpected ')'; expected an argument
  [2m   | [m      [1;31m^[m unexpected ')', assuming it is closing the parent parentheses
  [2m   | [m      [1;31m^[m unexpected ')'; expected an argument
  [2m   | [m       [1;31m^[m expected an `end` to close the `def` statement
  [2m   | [m       [1;31m^[m expected a block beginning with `do` to end with `end`
):
  
app/views/hotels/index.html.erb:28: syntax errors found
Started GET "/hotels" for ::1 at 2025-11-12 20:11:07 +0000
Processing by HotelsController#index as HTML
  Rendering layout layouts/application.html.erb
  Rendering hotels/index.html.erb within layouts/application
  [1m[36mHotel Load (0.3ms)[0m  [1m[34mSELECT "hotels".* FROM "hotels" /*action='index',application='HotelManagement',controller='hotels'*/[0m
  ↳ app/views/hotels/index.html.erb:17
  Rendered hotels/index.html.erb within layouts/application (Duration: 9.8ms | GC: 0.2ms)
  Rendered layout layouts/application.html.erb (Duration: 16.6ms | GC: 0.2ms)
Completed 200 OK in 42ms (Views: 22.9ms | ActiveRecord: 2.5ms (1 query, 0 cached) | GC: 0.2ms)


Started GET "/hotels" for ::1 at 2025-11-12 20:12:02 +0000
Processing by HotelsController#index as HTML
  Rendering layout layouts/application.html.erb
  Rendering hotels/index.html.erb within layouts/application
  [1m[36mHotel Load (0.4ms)[0m  [1m[34mSELECT "hotels".* FROM "hotels" /*action='index',application='HotelManagement',controller='hotels'*/[0m
  ↳ app/views/hotels/index.html.erb:17
  Rendered hotels/index.html.erb within layouts/application (Duration: 10.6ms | GC: 0.0ms)
  Rendered layout layouts/application.html.erb (Duration: 18.1ms | GC: 0.0ms)
Completed 200 OK in 44ms (Views: 25.3ms | ActiveRecord: 2.3ms (1 query, 0 cached) | GC: 0.0ms)


Started GET "/hotels/new" for ::1 at 2025-11-12 20:12:05 +0000
Processing by HotelsController#new as HTML
  Rendering layout layouts/application.html.erb
  Rendering hotels/new.html.erb within layouts/application
  Rendered hotels/_form.html.erb (Duration: 2.1ms | GC: 0.0ms)
  Rendered hotels/new.html.erb within layouts/application (Duration: 5.3ms | GC: 0.0ms)
  Rendered layout layouts/application.html.erb (Duration: 6.7ms | GC: 0.0ms)
Completed 200 OK in 20ms (Views: 7.3ms | ActiveRecord: 0.0ms (0 queries, 0 cached) | GC: 0.0ms)


Started POST "/hotels" for ::1 at 2025-11-12 20:12:11 +0000
Processing by HotelsController#create as HTML
  Parameters: {"authenticity_token" => "[FILTERED]", "hotel" => {"name" => "the hotel", "location" => "dublin", "rating" => "5", "description" => "arwer"}, "commit" => "Create Hotel"}
  [1m[36mTRANSACTION (0.2ms)[0m  [1m[35mBEGIN /*action='create',application='HotelManagement',controller='hotels'*/[0m
  ↳ app/controllers/hotels_controller.rb:20:in 'HotelsController#create'
  [1m[36mHotel Create (2.7ms)[0m  [1m[32mINSERT INTO "hotels" ("name", "location", "rating", "description", "created_at", "updated_at") VALUES ('the hotel', 'dublin', 5, 'arwer', '2025-11-12 20:12:11.569184', '2025-11-12 20:12:11.569184') RETURNING "id" /*action='create',application='HotelManagement',controller='hotels'*/[0m
  ↳ app/controllers/hotels_controller.rb:20:in 'HotelsController#create'
  [1m[36mTRANSACTION (0.4ms)[0m  [1m[35mCOMMIT /*action='create',application='HotelManagement',controller='hotels'*/[0m
  ↳ app/controllers/hotels_controller.rb:20:in 'HotelsController#create'
Redirected to http://localhost:3000/hotels/4
↳ app/controllers/hotels_controller.rb:21:in 'HotelsController#create'
Completed 302 Found in 20ms (ActiveRecord: 3.2ms (1 query, 0 cached) | GC: 0.0ms)


Started GET "/hotels/4" for ::1 at 2025-11-12 20:12:11 +0000
Processing by HotelsController#show as HTML
  Parameters: {"id" => "4"}
  [1m[36mHotel Load (0.4ms)[0m  [1m[34mSELECT "hotels".* FROM "hotels" WHERE "hotels"."id" = 4 LIMIT 1 /*action='show',application='HotelManagement',controller='hotels'*/[0m
  ↳ app/controllers/hotels_controller.rb:43:in 'HotelsController#set_hotel'
  Rendering layout layouts/application.html.erb
  Rendering hotels/show.html.erb within layouts/application
  Rendered hotels/show.html.erb within layouts/application (Duration: 1.1ms | GC: 0.0ms)
  Rendered layout layouts/application.html.erb (Duration: 2.6ms | GC: 0.0ms)
Completed 200 OK in 21ms (Views: 4.0ms | ActiveRecord: 0.4ms (1 query, 0 cached) | GC: 0.0ms)


Started POST "/hotels" for ::1 at 2025-11-12 20:12:11 +0000
Processing by HotelsController#create as HTML
  Parameters: {"authenticity_token" => "[FILTERED]", "hotel" => {"name" => "the hotel", "location" => "dublin", "rating" => "5", "description" => "arwer"}, "commit" => "Create Hotel"}
  [1m[36mTRANSACTION (0.2ms)[0m  [1m[35mBEGIN /*action='create',application='HotelManagement',controller='hotels'*/[0m
  ↳ app/controllers/hotels_controller.rb:20:in 'HotelsController#create'
  [1m[36mHotel Create (2.9ms)[0m  [1m[32mINSERT INTO "hotels" ("name", "location", "rating", "description", "created_at", "updated_at") VALUES ('the hotel', 'dublin', 5, 'arwer', '2025-11-12 20:12:11.856986', '2025-11-12 20:12:11.856986') RETURNING "id" /*action='create',application='HotelManagement',controller='hotels'*/[0m
  ↳ app/controllers/hotels_controller.rb:20:in 'HotelsController#create'
  [1m[36mTRANSACTION (0.5ms)[0m  [1m[35mCOMMIT /*action='create',application='HotelManagement',controller='hotels'*/[0m
  ↳ app/controllers/hotels_controller.rb:20:in 'HotelsController#create'
Redirected to http://localhost:3000/hotels/5
↳ app/controllers/hotels_controller.rb:21:in 'HotelsController#create'
Completed 302 Found in 24ms (ActiveRecord: 3.6ms (1 query, 0 cached) | GC: 0.0ms)


Started GET "/hotels/5" for ::1 at 2025-11-12 20:12:12 +0000
Processing by HotelsController#show as HTML
  Parameters: {"id" => "5"}
  [1m[36mHotel Load (0.3ms)[0m  [1m[34mSELECT "hotels".* FROM "hotels" WHERE "hotels"."id" = 5 LIMIT 1 /*action='show',application='HotelManagement',controller='hotels'*/[0m
  ↳ app/controllers/hotels_controller.rb:43:in 'HotelsController#set_hotel'
  Rendering layout layouts/application.html.erb
  Rendering hotels/show.html.erb within layouts/application
  Rendered hotels/show.html.erb within layouts/application (Duration: 0.2ms | GC: 0.0ms)
  Rendered layout layouts/application.html.erb (Duration: 1.3ms | GC: 0.0ms)
Completed 200 OK in 17ms (Views: 2.1ms | ActiveRecord: 0.3ms (1 query, 0 cached) | GC: 0.0ms)


Started GET "/hotels" for ::1 at 2025-11-12 20:12:13 +0000
Processing by HotelsController#index as HTML
  Rendering layout layouts/application.html.erb
  Rendering hotels/index.html.erb within layouts/application
  [1m[36mHotel Load (0.5ms)[0m  [1m[34mSELECT "hotels".* FROM "hotels" /*action='index',application='HotelManagement',controller='hotels'*/[0m
  ↳ app/views/hotels/index.html.erb:17
  Rendered hotels/index.html.erb within layouts/application (Duration: 4.2ms | GC: 0.0ms)
  Rendered layout layouts/application.html.erb (Duration: 5.0ms | GC: 0.0ms)
Completed 200 OK in 17ms (Views: 5.4ms | ActiveRecord: 0.5ms (1 query, 0 cached) | GC: 0.0ms)


Started DELETE "/hotels/5" for ::1 at 2025-11-12 20:12:23 +0000
Processing by HotelsController#destroy as HTML
  Parameters: {"authenticity_token" => "[FILTERED]", "id" => "5"}
  [1m[36mHotel Load (0.4ms)[0m  [1m[34mSELECT "hotels".* FROM "hotels" WHERE "hotels"."id" = 5 LIMIT 1 /*action='destroy',application='HotelManagement',controller='hotels'*/[0m
  ↳ app/controllers/hotels_controller.rb:43:in 'HotelsController#set_hotel'
  [1m[36mTRANSACTION (0.2ms)[0m  [1m[35mBEGIN /*action='destroy',application='HotelManagement',controller='hotels'*/[0m
  ↳ app/controllers/hotels_controller.rb:36:in 'HotelsController#destroy'
  [1m[36mRoom Load (0.2ms)[0m  [1m[34mSELECT "rooms".* FROM "rooms" WHERE "rooms"."hotel_id" = 5 /*action='destroy',application='HotelManagement',controller='hotels'*/[0m
  ↳ app/controllers/hotels_controller.rb:36:in 'HotelsController#destroy'
  [1m[36mHotel Destroy (0.5ms)[0m  [1m[31mDELETE FROM "hotels" WHERE "hotels"."id" = 5 /*action='destroy',application='HotelManagement',controller='hotels'*/[0m
  ↳ app/controllers/hotels_controller.rb:36:in 'HotelsController#destroy'
  [1m[36mTRANSACTION (0.2ms)[0m  [1m[35mCOMMIT /*action='destroy',application='HotelManagement',controller='hotels'*/[0m
  ↳ app/controllers/hotels_controller.rb:36:in 'HotelsController#destroy'
Redirected to http://localhost:3000/hotels
↳ app/controllers/hotels_controller.rb:37:in 'HotelsController#destroy'
Completed 302 Found in 38ms (ActiveRecord: 9.6ms (3 queries, 0 cached) | GC: 0.0ms)


Started GET "/hotels" for ::1 at 2025-11-12 20:12:23 +0000
Processing by HotelsController#index as HTML
  Rendering layout layouts/application.html.erb
  Rendering hotels/index.html.erb within layouts/application
  [1m[36mHotel Load (0.3ms)[0m  [1m[34mSELECT "hotels".* FROM "hotels" /*action='index',application='HotelManagement',controller='hotels'*/[0m
  ↳ app/views/hotels/index.html.erb:17
  Rendered hotels/index.html.erb within layouts/application (Duration: 4.3ms | GC: 0.0ms)
  Rendered layout layouts/application.html.erb (Duration: 5.8ms | GC: 0.0ms)
Completed 200 OK in 18ms (Views: 6.5ms | ActiveRecord: 0.3ms (1 query, 0 cached) | GC: 0.0ms)


Started DELETE "/hotels/4" for ::1 at 2025-11-12 20:12:25 +0000
Processing by HotelsController#destroy as HTML
  Parameters: {"authenticity_token" => "[FILTERED]", "id" => "4"}
  [1m[36mHotel Load (0.3ms)[0m  [1m[34mSELECT "hotels".* FROM "hotels" WHERE "hotels"."id" = 4 LIMIT 1 /*action='destroy',application='HotelManagement',controller='hotels'*/[0m
  ↳ app/controllers/hotels_controller.rb:43:in 'HotelsController#set_hotel'
  [1m[36mTRANSACTION (0.2ms)[0m  [1m[35mBEGIN /*action='destroy',application='HotelManagement',controller='hotels'*/[0m
  ↳ app/controllers/hotels_controller.rb:36:in 'HotelsController#destroy'
  [1m[36mRoom Load (3.2ms)[0m  [1m[34mSELECT "rooms".* FROM "rooms" WHERE "rooms"."hotel_id" = 4 /*action='destroy',application='HotelManagement',controller='hotels'*/[0m
  ↳ app/controllers/hotels_controller.rb:36:in 'HotelsController#destroy'
  [1m[36mHotel Destroy (0.5ms)[0m  [1m[31mDELETE FROM "hotels" WHERE "hotels"."id" = 4 /*action='destroy',application='HotelManagement',controller='hotels'*/[0m
  ↳ app/controllers/hotels_controller.rb:36:in 'HotelsController#destroy'
  [1m[36mTRANSACTION (0.4ms)[0m  [1m[35mCOMMIT /*action='destroy',application='HotelManagement',controller='hotels'*/[0m
  ↳ app/controllers/hotels_controller.rb:36:in 'HotelsController#destroy'
Redirected to http://localhost:3000/hotels
↳ app/controllers/hotels_controller.rb:37:in 'HotelsController#destroy'
Completed 302 Found in 25ms (ActiveRecord: 4.6ms (3 queries, 0 cached) | GC: 0.0ms)


Started GET "/hotels" for ::1 at 2025-11-12 20:12:25 +0000
Processing by HotelsController#index as HTML
  Rendering layout layouts/application.html.erb
  Rendering hotels/index.html.erb within layouts/application
  [1m[36mHotel Load (0.3ms)[0m  [1m[34mSELECT "hotels".* FROM "hotels" /*action='index',application='HotelManagement',controller='hotels'*/[0m
  ↳ app/views/hotels/index.html.erb:17
  Rendered hotels/index.html.erb within layouts/application (Duration: 4.9ms | GC: 0.0ms)
  Rendered layout layouts/application.html.erb (Duration: 6.4ms | GC: 0.0ms)
Completed 200 OK in 20ms (Views: 8.1ms | ActiveRecord: 0.3ms (1 query, 0 cached) | GC: 0.0ms)


Started GET "/hotels/1" for ::1 at 2025-11-12 20:12:27 +0000
Processing by HotelsController#show as HTML
  Parameters: {"id" => "1"}
  [1m[36mHotel Load (0.3ms)[0m  [1m[34mSELECT "hotels".* FROM "hotels" WHERE "hotels"."id" = 1 LIMIT 1 /*action='show',application='HotelManagement',controller='hotels'*/[0m
  ↳ app/controllers/hotels_controller.rb:43:in 'HotelsController#set_hotel'
  Rendering layout layouts/application.html.erb
  Rendering hotels/show.html.erb within layouts/application
  Rendered hotels/show.html.erb within layouts/application (Duration: 0.2ms | GC: 0.0ms)
  Rendered layout layouts/application.html.erb (Duration: 1.1ms | GC: 0.0ms)
Completed 200 OK in 15ms (Views: 1.7ms | ActiveRecord: 0.3ms (1 query, 0 cached) | GC: 0.0ms)


Started GET "/hotels" for ::1 at 2025-11-12 20:12:29 +0000
Processing by HotelsController#index as HTML
  Rendering layout layouts/application.html.erb
  Rendering hotels/index.html.erb within layouts/application
  [1m[36mHotel Load (0.3ms)[0m  [1m[34mSELECT "hotels".* FROM "hotels" /*action='index',application='HotelManagement',controller='hotels'*/[0m
  ↳ app/views/hotels/index.html.erb:17
  Rendered hotels/index.html.erb within layouts/application (Duration: 3.7ms | GC: 0.0ms)
  Rendered layout layouts/application.html.erb (Duration: 4.8ms | GC: 0.0ms)
Completed 200 OK in 17ms (Views: 5.5ms | ActiveRecord: 0.2ms (1 query, 0 cached) | GC: 0.0ms)


Started GET "/" for ::1 at 2025-11-12 20:12:31 +0000
Processing by HotelsController#index as HTML
  Rendering layout layouts/application.html.erb
  Rendering hotels/index.html.erb within layouts/application
  [1m[36mHotel Load (0.3ms)[0m  [1m[34mSELECT "hotels".* FROM "hotels" /*action='index',application='HotelManagement',controller='hotels'*/[0m
  ↳ app/views/hotels/index.html.erb:17
  Rendered hotels/index.html.erb within layouts/application (Duration: 4.0ms | GC: 0.0ms)
  Rendered layout layouts/application.html.erb (Duration: 5.1ms | GC: 0.0ms)
Completed 200 OK in 16ms (Views: 5.8ms | ActiveRecord: 0.3ms (1 query, 0 cached) | GC: 0.0ms)


Started GET "/" for ::1 at 2025-11-12 20:12:35 +0000
Processing by HotelsController#index as HTML
  Rendering layout layouts/application.html.erb
  Rendering hotels/index.html.erb within layouts/application
  [1m[36mHotel Load (0.3ms)[0m  [1m[34mSELECT "hotels".* FROM "hotels" /*action='index',application='HotelManagement',controller='hotels'*/[0m
  ↳ app/views/hotels/index.html.erb:17
  Rendered hotels/index.html.erb within layouts/application (Duration: 3.2ms | GC: 0.0ms)
  Rendered layout layouts/application.html.erb (Duration: 4.0ms | GC: 0.0ms)
Completed 200 OK in 16ms (Views: 4.4ms | ActiveRecord: 0.3ms (1 query, 0 cached) | GC: 0.0ms)


Started GET "/" for ::1 at 2025-11-12 20:13:03 +0000
  [1m[36mActiveRecord::SchemaMigration Load (2.0ms)[0m  [1m[34mSELECT "schema_migrations"."version" FROM "schema_migrations" ORDER BY "schema_migrations"."version" ASC /*application='HotelManagement'*/[0m
Processing by HotelsController#index as HTML
  Rendering layout layouts/application.html.erb
  Rendering hotels/index.html.erb within layouts/application
  [1m[36mHotel Load (91.4ms)[0m  [1m[34mSELECT "hotels".* FROM "hotels" /*action='index',application='HotelManagement',controller='hotels'*/[0m
  ↳ app/views/hotels/index.html.erb:17
  Rendered hotels/index.html.erb within layouts/application (Duration: 123.3ms | GC: 0.0ms)
  Rendered layout layouts/application.html.erb (Duration: 151.1ms | GC: 0.0ms)
Completed 200 OK in 289ms (Views: 64.4ms | ActiveRecord: 104.3ms (1 query, 0 cached) | GC: 0.0ms)


Started GET "/hotels/1/rooms" for ::1 at 2025-11-12 20:13:43 +0000
Processing by RoomsController#index as HTML
  Parameters: {"hotel_id" => "1"}
  [1m[36mHotel Load (0.6ms)[0m  [1m[34mSELECT "hotels".* FROM "hotels" WHERE "hotels"."id" = 1 LIMIT 1 /*action='index',application='HotelManagement',controller='rooms'*/[0m
  ↳ app/controllers/rooms_controller.rb:44:in 'RoomsController#set_hotel'
  Rendering layout layouts/application.html.erb
  Rendering rooms/index.html.erb within layouts/application
  [1m[36mRoom Load (1.0ms)[0m  [1m[34mSELECT "rooms".* FROM "rooms" WHERE "rooms"."hotel_id" = 1 /*action='index',application='HotelManagement',controller='rooms'*/[0m
  ↳ app/views/rooms/index.html.erb:20
  Rendered rooms/index.html.erb within layouts/application (Duration: 36.8ms | GC: 0.0ms)
  Rendered layout layouts/application.html.erb (Duration: 48.5ms | GC: 0.0ms)
Completed 200 OK in 104ms (Views: 54.9ms | ActiveRecord: 3.3ms (2 queries, 0 cached) | GC: 0.0ms)


Started GET "/hotels" for ::1 at 2025-11-12 20:13:52 +0000
Processing by HotelsController#index as HTML
  Rendering layout layouts/application.html.erb
  Rendering hotels/index.html.erb within layouts/application
  [1m[36mHotel Load (0.4ms)[0m  [1m[34mSELECT "hotels".* FROM "hotels" /*action='index',application='HotelManagement',controller='hotels'*/[0m
  ↳ app/views/hotels/index.html.erb:17
  Rendered hotels/index.html.erb within layouts/application (Duration: 4.1ms | GC: 0.0ms)
  Rendered layout layouts/application.html.erb (Duration: 7.0ms | GC: 0.2ms)
Completed 200 OK in 20ms (Views: 7.9ms | ActiveRecord: 0.4ms (1 query, 0 cached) | GC: 0.2ms)


Started GET "/hotels/2/rooms" for ::1 at 2025-11-12 20:13:53 +0000
Processing by RoomsController#index as HTML
  Parameters: {"hotel_id" => "2"}
  [1m[36mHotel Load (0.5ms)[0m  [1m[34mSELECT "hotels".* FROM "hotels" WHERE "hotels"."id" = 2 LIMIT 1 /*action='index',application='HotelManagement',controller='rooms'*/[0m
  ↳ app/controllers/rooms_controller.rb:44:in 'RoomsController#set_hotel'
  Rendering layout layouts/application.html.erb
  Rendering rooms/index.html.erb within layouts/application
  [1m[36mRoom Load (0.3ms)[0m  [1m[34mSELECT "rooms".* FROM "rooms" WHERE "rooms"."hotel_id" = 2 /*action='index',application='HotelManagement',controller='rooms'*/[0m
  ↳ app/views/rooms/index.html.erb:20
  Rendered rooms/index.html.erb within layouts/application (Duration: 2.5ms | GC: 0.0ms)
  Rendered layout layouts/application.html.erb (Duration: 4.2ms | GC: 0.0ms)
Completed 200 OK in 21ms (Views: 4.8ms | ActiveRecord: 0.8ms (2 queries, 0 cached) | GC: 0.0ms)


Started GET "/hotels/2/rooms" for ::1 at 2025-11-12 20:14:44 +0000
Processing by RoomsController#index as HTML
  Parameters: {"hotel_id" => "2"}
  [1m[36mHotel Load (0.3ms)[0m  [1m[34mSELECT "hotels".* FROM "hotels" WHERE "hotels"."id" = 2 LIMIT 1 /*action='index',application='HotelManagement',controller='rooms'*/[0m
  ↳ app/controllers/rooms_controller.rb:44:in 'RoomsController#set_hotel'
  Rendering layout layouts/application.html.erb
  Rendering rooms/index.html.erb within layouts/application
  [1m[36mRoom Load (0.4ms)[0m  [1m[34mSELECT "rooms".* FROM "rooms" WHERE "rooms"."hotel_id" = 2 /*action='index',application='HotelManagement',controller='rooms'*/[0m
  ↳ app/views/rooms/index.html.erb:20
  Rendered rooms/index.html.erb within layouts/application (Duration: 13.8ms | GC: 0.0ms)
  Rendered layout layouts/application.html.erb (Duration: 24.1ms | GC: 0.2ms)
Completed 200 OK in 81ms (Views: 36.0ms | ActiveRecord: 4.2ms (2 queries, 0 cached) | GC: 0.5ms)


Started POST "/hotels/2/rooms/4" for ::1 at 2025-11-12 20:14:48 +0000
  
ActionController::RoutingError (No route matches [POST] "/hotels/2/rooms/4"):
  
Started GET "/hotels/2/rooms" for ::1 at 2025-11-12 20:15:06 +0000
Processing by RoomsController#index as HTML
  Parameters: {"hotel_id" => "2"}
  [1m[36mHotel Load (0.3ms)[0m  [1m[34mSELECT "hotels".* FROM "hotels" WHERE "hotels"."id" = 2 LIMIT 1 /*action='index',application='HotelManagement',controller='rooms'*/[0m
  ↳ app/controllers/rooms_controller.rb:44:in 'RoomsController#set_hotel'
  Rendering layout layouts/application.html.erb
  Rendering rooms/index.html.erb within layouts/application
  [1m[36mRoom Load (0.3ms)[0m  [1m[34mSELECT "rooms".* FROM "rooms" WHERE "rooms"."hotel_id" = 2 /*action='index',application='HotelManagement',controller='rooms'*/[0m
  ↳ app/views/rooms/index.html.erb:20
  Rendered rooms/index.html.erb within layouts/application (Duration: 11.4ms | GC: 0.0ms)
  Rendered layout layouts/application.html.erb (Duration: 16.0ms | GC: 0.0ms)
Completed 500 Internal Server Error in 56ms (ActiveRecord: 4.8ms (2 queries, 0 cached) | GC: 0.0ms)


  
ActionView::Template::Error (undefined method 'room_path' for an instance of #<Class:0x000002659b684ce8>)
Caused by: NoMethodError (undefined method 'room_path' for an instance of #<Class:0x000002659b684ce8>)

Information for: ActionView::Template::Error (undefined method 'room_path' for an instance of #<Class:0x000002659b684ce8>):
    24:         <td>
    25:           <%= link_to "Edit", edit_hotel_room_path(@hotel, room), class: "btn btn-warning btn-sm" %>
    26:           <%= button_to 'Delete', room_path(@hotel, room), data: { turbo_method: :delete, turbo_confirm: "Are you sure?" }, class: "btn btn-danger btn-sm" %>
    27:         </td>
    28:       </tr>
    29:     <% end %>
    30:   </tbody>
  
app/views/rooms/index.html.erb:27
app/views/rooms/index.html.erb:20

Information for cause: NoMethodError (undefined method 'room_path' for an instance of #<Class:0x000002659b684ce8>):
  
app/views/rooms/index.html.erb:27
app/views/rooms/index.html.erb:20
Started GET "/hotels/2/rooms" for ::1 at 2025-11-12 20:15:11 +0000
Processing by RoomsController#index as HTML
  Parameters: {"hotel_id" => "2"}
  [1m[36mHotel Load (0.4ms)[0m  [1m[34mSELECT "hotels".* FROM "hotels" WHERE "hotels"."id" = 2 LIMIT 1 /*action='index',application='HotelManagement',controller='rooms'*/[0m
  ↳ app/controllers/rooms_controller.rb:44:in 'RoomsController#set_hotel'
  Rendering layout layouts/application.html.erb
  Rendering rooms/index.html.erb within layouts/application
  [1m[36mRoom Load (0.4ms)[0m  [1m[34mSELECT "rooms".* FROM "rooms" WHERE "rooms"."hotel_id" = 2 /*action='index',application='HotelManagement',controller='rooms'*/[0m
  ↳ app/views/rooms/index.html.erb:20
  Rendered rooms/index.html.erb within layouts/application (Duration: 4.5ms | GC: 0.0ms)
  Rendered layout layouts/application.html.erb (Duration: 5.4ms | GC: 0.0ms)
Completed 500 Internal Server Error in 23ms (ActiveRecord: 0.8ms (2 queries, 0 cached) | GC: 0.0ms)


  
ActionView::Template::Error (undefined method 'room_path' for an instance of #<Class:0x000002659b684ce8>)
Caused by: NoMethodError (undefined method 'room_path' for an instance of #<Class:0x000002659b684ce8>)

Information for: ActionView::Template::Error (undefined method 'room_path' for an instance of #<Class:0x000002659b684ce8>):
    24:         <td>
    25:           <%= link_to "Edit", edit_hotel_room_path(@hotel, room), class: "btn btn-warning btn-sm" %>
    26:           <%= button_to 'Delete', room_path(@hotel, room), data: { turbo_method: :delete, turbo_confirm: "Are you sure?" }, class: "btn btn-danger btn-sm" %>
    27:         </td>
    28:       </tr>
    29:     <% end %>
    30:   </tbody>
  
app/views/rooms/index.html.erb:27
app/views/rooms/index.html.erb:20

Information for cause: NoMethodError (undefined method 'room_path' for an instance of #<Class:0x000002659b684ce8>):
  
app/views/rooms/index.html.erb:27
app/views/rooms/index.html.erb:20
Started GET "/hotels/2/rooms" for ::1 at 2025-11-12 20:16:05 +0000
Processing by RoomsController#index as HTML
  Parameters: {"hotel_id" => "2"}
  [1m[36mHotel Load (0.2ms)[0m  [1m[34mSELECT "hotels".* FROM "hotels" WHERE "hotels"."id" = 2 LIMIT 1 /*action='index',application='HotelManagement',controller='rooms'*/[0m
  ↳ app/controllers/rooms_controller.rb:44:in 'RoomsController#set_hotel'
  Rendering layout layouts/application.html.erb
  Rendering rooms/index.html.erb within layouts/application
  [1m[36mRoom Load (0.3ms)[0m  [1m[34mSELECT "rooms".* FROM "rooms" WHERE "rooms"."hotel_id" = 2 /*action='index',application='HotelManagement',controller='rooms'*/[0m
  ↳ app/views/rooms/index.html.erb:20
  Rendered rooms/index.html.erb within layouts/application (Duration: 10.7ms | GC: 0.0ms)
  Rendered layout layouts/application.html.erb (Duration: 23.9ms | GC: 0.0ms)
Completed 200 OK in 69ms (Views: 32.2ms | ActiveRecord: 4.5ms (2 queries, 0 cached) | GC: 0.0ms)


Started DELETE "/hotels/2/rooms/4" for ::1 at 2025-11-12 20:16:07 +0000
Processing by RoomsController#destroy as HTML
  Parameters: {"authenticity_token" => "[FILTERED]", "hotel_id" => "2", "id" => "4"}
  [1m[36mHotel Load (0.5ms)[0m  [1m[34mSELECT "hotels".* FROM "hotels" WHERE "hotels"."id" = 2 LIMIT 1 /*action='destroy',application='HotelManagement',controller='rooms'*/[0m
  ↳ app/controllers/rooms_controller.rb:44:in 'RoomsController#set_hotel'
  [1m[36mRoom Load (0.4ms)[0m  [1m[34mSELECT "rooms".* FROM "rooms" WHERE "rooms"."hotel_id" = 2 AND "rooms"."id" = 4 LIMIT 1 /*action='destroy',application='HotelManagement',controller='rooms'*/[0m
  ↳ app/controllers/rooms_controller.rb:48:in 'RoomsController#set_room'
Completed 500 Internal Server Error in 18ms (ActiveRecord: 0.9ms (2 queries, 0 cached) | GC: 0.0ms)


  
NameError (undefined local variable or method 'room' for an instance of RoomsController):
  
app/controllers/rooms_controller.rb:37:in 'RoomsController#destroy'
Started DELETE "/hotels/2/rooms/4" for ::1 at 2025-11-12 20:16:53 +0000
Processing by RoomsController#destroy as HTML
  Parameters: {"authenticity_token" => "[FILTERED]", "hotel_id" => "2", "id" => "4"}
  [1m[36mHotel Load (0.3ms)[0m  [1m[34mSELECT "hotels".* FROM "hotels" WHERE "hotels"."id" = 2 LIMIT 1 /*action='destroy',application='HotelManagement',controller='rooms'*/[0m
  ↳ app/controllers/rooms_controller.rb:44:in 'RoomsController#set_hotel'
  [1m[36mRoom Load (0.3ms)[0m  [1m[34mSELECT "rooms".* FROM "rooms" WHERE "rooms"."hotel_id" = 2 AND "rooms"."id" = 4 LIMIT 1 /*action='destroy',application='HotelManagement',controller='rooms'*/[0m
  ↳ app/controllers/rooms_controller.rb:48:in 'RoomsController#set_room'
Completed 500 Internal Server Error in 33ms (ActiveRecord: 4.2ms (2 queries, 0 cached) | GC: 0.0ms)


  
NameError (undefined local variable or method 'room' for an instance of RoomsController):
  
app/controllers/rooms_controller.rb:37:in 'RoomsController#destroy'
Started DELETE "/hotels/2/rooms/4" for ::1 at 2025-11-12 20:16:57 +0000
Processing by RoomsController#destroy as HTML
  Parameters: {"authenticity_token" => "[FILTERED]", "hotel_id" => "2", "id" => "4"}
  [1m[36mHotel Load (0.5ms)[0m  [1m[34mSELECT "hotels".* FROM "hotels" WHERE "hotels"."id" = 2 LIMIT 1 /*action='destroy',application='HotelManagement',controller='rooms'*/[0m
  ↳ app/controllers/rooms_controller.rb:44:in 'RoomsController#set_hotel'
  [1m[36mRoom Load (0.3ms)[0m  [1m[34mSELECT "rooms".* FROM "rooms" WHERE "rooms"."hotel_id" = 2 AND "rooms"."id" = 4 LIMIT 1 /*action='destroy',application='HotelManagement',controller='rooms'*/[0m
  ↳ app/controllers/rooms_controller.rb:48:in 'RoomsController#set_room'
Completed 500 Internal Server Error in 23ms (ActiveRecord: 0.8ms (2 queries, 0 cached) | GC: 0.0ms)


  
NameError (undefined local variable or method 'room' for an instance of RoomsController):
  
app/controllers/rooms_controller.rb:37:in 'RoomsController#destroy'
Started DELETE "/hotels/2/rooms/4" for ::1 at 2025-11-12 20:17:30 +0000
Processing by RoomsController#destroy as HTML
  Parameters: {"authenticity_token" => "[FILTERED]", "hotel_id" => "2", "id" => "4"}
  [1m[36mHotel Load (0.3ms)[0m  [1m[34mSELECT "hotels".* FROM "hotels" WHERE "hotels"."id" = 2 LIMIT 1 /*action='destroy',application='HotelManagement',controller='rooms'*/[0m
  ↳ app/controllers/rooms_controller.rb:44:in 'RoomsController#set_hotel'
  [1m[36mRoom Load (0.3ms)[0m  [1m[34mSELECT "rooms".* FROM "rooms" WHERE "rooms"."hotel_id" = 2 AND "rooms"."id" = 4 LIMIT 1 /*action='destroy',application='HotelManagement',controller='rooms'*/[0m
  ↳ app/controllers/rooms_controller.rb:48:in 'RoomsController#set_room'
  [1m[36mTRANSACTION (0.1ms)[0m  [1m[35mBEGIN /*action='destroy',application='HotelManagement',controller='rooms'*/[0m
  ↳ app/controllers/rooms_controller.rb:37:in 'RoomsController#destroy'
  [1m[36mRoom Destroy (2.6ms)[0m  [1m[31mDELETE FROM "rooms" WHERE "rooms"."id" = 4 /*action='destroy',application='HotelManagement',controller='rooms'*/[0m
  ↳ app/controllers/rooms_controller.rb:37:in 'RoomsController#destroy'
  [1m[36mTRANSACTION (0.5ms)[0m  [1m[35mCOMMIT /*action='destroy',application='HotelManagement',controller='rooms'*/[0m
  ↳ app/controllers/rooms_controller.rb:37:in 'RoomsController#destroy'
Redirected to http://localhost:3000/hotels/2/rooms
↳ app/controllers/rooms_controller.rb:38:in 'RoomsController#destroy'
Completed 302 Found in 41ms (ActiveRecord: 7.0ms (3 queries, 0 cached) | GC: 0.0ms)


Started GET "/hotels/2/rooms" for ::1 at 2025-11-12 20:17:31 +0000
Processing by RoomsController#index as HTML
  Parameters: {"hotel_id" => "2"}
  [1m[36mHotel Load (0.4ms)[0m  [1m[34mSELECT "hotels".* FROM "hotels" WHERE "hotels"."id" = 2 LIMIT 1 /*action='index',application='HotelManagement',controller='rooms'*/[0m
  ↳ app/controllers/rooms_controller.rb:44:in 'RoomsController#set_hotel'
  Rendering layout layouts/application.html.erb
  Rendering rooms/index.html.erb within layouts/application
  [1m[36mRoom Load (0.4ms)[0m  [1m[34mSELECT "rooms".* FROM "rooms" WHERE "rooms"."hotel_id" = 2 /*action='index',application='HotelManagement',controller='rooms'*/[0m
  ↳ app/views/rooms/index.html.erb:20
  Rendered rooms/index.html.erb within layouts/application (Duration: 4.8ms | GC: 0.0ms)
  Rendered layout layouts/application.html.erb (Duration: 13.8ms | GC: 0.0ms)
Completed 200 OK in 41ms (Views: 23.7ms | ActiveRecord: 0.8ms (2 queries, 0 cached) | GC: 0.0ms)


Started GET "/hotels" for ::1 at 2025-11-12 20:17:38 +0000
Processing by HotelsController#index as HTML
  Rendering layout layouts/application.html.erb
  Rendering hotels/index.html.erb within layouts/application
  [1m[36mHotel Load (0.4ms)[0m  [1m[34mSELECT "hotels".* FROM "hotels" /*action='index',application='HotelManagement',controller='hotels'*/[0m
  ↳ app/views/hotels/index.html.erb:17
  Rendered hotels/index.html.erb within layouts/application (Duration: 4.6ms | GC: 0.0ms)
  Rendered layout layouts/application.html.erb (Duration: 6.5ms | GC: 0.0ms)
Completed 200 OK in 25ms (Views: 13.1ms | ActiveRecord: 0.4ms (1 query, 0 cached) | GC: 0.0ms)


Started GET "/hotels/2/rooms" for ::1 at 2025-11-12 20:17:41 +0000
Processing by RoomsController#index as HTML
  Parameters: {"hotel_id" => "2"}
  [1m[36mHotel Load (0.3ms)[0m  [1m[34mSELECT "hotels".* FROM "hotels" WHERE "hotels"."id" = 2 LIMIT 1 /*action='index',application='HotelManagement',controller='rooms'*/[0m
  ↳ app/controllers/rooms_controller.rb:44:in 'RoomsController#set_hotel'
  Rendering layout layouts/application.html.erb
  Rendering rooms/index.html.erb within layouts/application
  [1m[36mRoom Load (0.3ms)[0m  [1m[34mSELECT "rooms".* FROM "rooms" WHERE "rooms"."hotel_id" = 2 /*action='index',application='HotelManagement',controller='rooms'*/[0m
  ↳ app/views/rooms/index.html.erb:20
  Rendered rooms/index.html.erb within layouts/application (Duration: 4.7ms | GC: 0.0ms)
  Rendered layout layouts/application.html.erb (Duration: 7.9ms | GC: 0.0ms)
Completed 200 OK in 22ms (Views: 8.6ms | ActiveRecord: 0.6ms (2 queries, 0 cached) | GC: 0.0ms)


Started GET "/hotels/2/rooms/2" for ::1 at 2025-11-12 20:17:42 +0000
Processing by RoomsController#show as HTML
  Parameters: {"hotel_id" => "2", "id" => "2"}
  [1m[36mHotel Load (0.3ms)[0m  [1m[34mSELECT "hotels".* FROM "hotels" WHERE "hotels"."id" = 2 LIMIT 1 /*action='show',application='HotelManagement',controller='rooms'*/[0m
  ↳ app/controllers/rooms_controller.rb:44:in 'RoomsController#set_hotel'
  [1m[36mRoom Load (0.5ms)[0m  [1m[34mSELECT "rooms".* FROM "rooms" WHERE "rooms"."hotel_id" = 2 AND "rooms"."id" = 2 LIMIT 1 /*action='show',application='HotelManagement',controller='rooms'*/[0m
  ↳ app/controllers/rooms_controller.rb:48:in 'RoomsController#set_room'
  Rendering layout layouts/application.html.erb
  Rendering rooms/show.html.erb within layouts/application
  Rendered rooms/show.html.erb within layouts/application (Duration: 0.5ms | GC: 0.0ms)
  Rendered layout layouts/application.html.erb (Duration: 2.7ms | GC: 0.0ms)
Completed 200 OK in 23ms (Views: 3.7ms | ActiveRecord: 0.8ms (2 queries, 0 cached) | GC: 0.0ms)


Started GET "/" for ::1 at 2025-11-12 20:17:44 +0000
Processing by HotelsController#index as HTML
  Rendering layout layouts/application.html.erb
  Rendering hotels/index.html.erb within layouts/application
  [1m[36mHotel Load (0.4ms)[0m  [1m[34mSELECT "hotels".* FROM "hotels" /*action='index',application='HotelManagement',controller='hotels'*/[0m
  ↳ app/views/hotels/index.html.erb:17
  Rendered hotels/index.html.erb within layouts/application (Duration: 3.7ms | GC: 0.0ms)
  Rendered layout layouts/application.html.erb (Duration: 6.8ms | GC: 0.0ms)
Completed 200 OK in 18ms (Views: 7.2ms | ActiveRecord: 0.4ms (1 query, 0 cached) | GC: 0.0ms)


Started GET "/hotels/2/rooms" for ::1 at 2025-11-12 20:17:47 +0000
Processing by RoomsController#index as HTML
  Parameters: {"hotel_id" => "2"}
  [1m[36mHotel Load (0.3ms)[0m  [1m[34mSELECT "hotels".* FROM "hotels" WHERE "hotels"."id" = 2 LIMIT 1 /*action='index',application='HotelManagement',controller='rooms'*/[0m
  ↳ app/controllers/rooms_controller.rb:44:in 'RoomsController#set_hotel'
  Rendering layout layouts/application.html.erb
  Rendering rooms/index.html.erb within layouts/application
  [1m[36mRoom Load (0.5ms)[0m  [1m[34mSELECT "rooms".* FROM "rooms" WHERE "rooms"."hotel_id" = 2 /*action='index',application='HotelManagement',controller='rooms'*/[0m
  ↳ app/views/rooms/index.html.erb:20
  Rendered rooms/index.html.erb within layouts/application (Duration: 3.6ms | GC: 0.0ms)
  Rendered layout layouts/application.html.erb (Duration: 5.1ms | GC: 0.0ms)
Completed 200 OK in 20ms (Views: 5.6ms | ActiveRecord: 0.8ms (2 queries, 0 cached) | GC: 0.0ms)


Started GET "/hotels" for ::1 at 2025-11-12 20:17:48 +0000
Processing by HotelsController#index as HTML
  Rendering layout layouts/application.html.erb
  Rendering hotels/index.html.erb within layouts/application
  [1m[36mHotel Load (0.3ms)[0m  [1m[34mSELECT "hotels".* FROM "hotels" /*action='index',application='HotelManagement',controller='hotels'*/[0m
  ↳ app/views/hotels/index.html.erb:17
  Rendered hotels/index.html.erb within layouts/application (Duration: 3.0ms | GC: 0.0ms)
  Rendered layout layouts/application.html.erb (Duration: 4.5ms | GC: 0.0ms)
Completed 200 OK in 17ms (Views: 6.5ms | ActiveRecord: 0.3ms (1 query, 0 cached) | GC: 0.0ms)


Started GET "/hotels/2/rooms" for ::1 at 2025-11-12 20:17:49 +0000
Processing by RoomsController#index as HTML
  Parameters: {"hotel_id" => "2"}
  [1m[36mHotel Load (0.5ms)[0m  [1m[34mSELECT "hotels".* FROM "hotels" WHERE "hotels"."id" = 2 LIMIT 1 /*action='index',application='HotelManagement',controller='rooms'*/[0m
  ↳ app/controllers/rooms_controller.rb:44:in 'RoomsController#set_hotel'
  Rendering layout layouts/application.html.erb
  Rendering rooms/index.html.erb within layouts/application
  [1m[36mRoom Load (0.4ms)[0m  [1m[34mSELECT "rooms".* FROM "rooms" WHERE "rooms"."hotel_id" = 2 /*action='index',application='HotelManagement',controller='rooms'*/[0m
  ↳ app/views/rooms/index.html.erb:20
  Rendered rooms/index.html.erb within layouts/application (Duration: 3.0ms | GC: 0.0ms)
  Rendered layout layouts/application.html.erb (Duration: 4.6ms | GC: 0.0ms)
Completed 200 OK in 22ms (Views: 5.4ms | ActiveRecord: 0.9ms (2 queries, 0 cached) | GC: 0.0ms)


Started GET "/hotels/2/rooms/2" for ::1 at 2025-11-12 20:17:51 +0000
Processing by RoomsController#show as HTML
  Parameters: {"hotel_id" => "2", "id" => "2"}
  [1m[36mHotel Load (0.6ms)[0m  [1m[34mSELECT "hotels".* FROM "hotels" WHERE "hotels"."id" = 2 LIMIT 1 /*action='show',application='HotelManagement',controller='rooms'*/[0m
  ↳ app/controllers/rooms_controller.rb:44:in 'RoomsController#set_hotel'
  [1m[36mRoom Load (0.3ms)[0m  [1m[34mSELECT "rooms".* FROM "rooms" WHERE "rooms"."hotel_id" = 2 AND "rooms"."id" = 2 LIMIT 1 /*action='show',application='HotelManagement',controller='rooms'*/[0m
  ↳ app/controllers/rooms_controller.rb:48:in 'RoomsController#set_room'
  Rendering layout layouts/application.html.erb
  Rendering rooms/show.html.erb within layouts/application
  Rendered rooms/show.html.erb within layouts/application (Duration: 0.1ms | GC: 0.0ms)
  Rendered layout layouts/application.html.erb (Duration: 3.4ms | GC: 0.0ms)
Completed 200 OK in 22ms (Views: 4.5ms | ActiveRecord: 0.9ms (2 queries, 0 cached) | GC: 0.0ms)


Started GET "/" for ::1 at 2025-11-12 20:17:53 +0000
Processing by HotelsController#index as HTML
  Rendering layout layouts/application.html.erb
  Rendering hotels/index.html.erb within layouts/application
  [1m[36mHotel Load (0.4ms)[0m  [1m[34mSELECT "hotels".* FROM "hotels" /*action='index',application='HotelManagement',controller='hotels'*/[0m
  ↳ app/views/hotels/index.html.erb:17
  Rendered hotels/index.html.erb within layouts/application (Duration: 3.4ms | GC: 0.0ms)
  Rendered layout layouts/application.html.erb (Duration: 5.3ms | GC: 0.0ms)
Completed 200 OK in 17ms (Views: 5.7ms | ActiveRecord: 0.4ms (1 query, 0 cached) | GC: 0.0ms)


Started GET "/hotels/2/rooms" for ::1 at 2025-11-12 20:28:41 +0000
Processing by RoomsController#index as HTML
  Parameters: {"hotel_id" => "2"}
  [1m[36mHotel Load (206.6ms)[0m  [1m[34mSELECT "hotels".* FROM "hotels" WHERE "hotels"."id" = 2 LIMIT 1 /*action='index',application='HotelManagement',controller='rooms'*/[0m
  ↳ app/controllers/rooms_controller.rb:44:in 'RoomsController#set_hotel'
  Rendering layout layouts/application.html.erb
  Rendering rooms/index.html.erb within layouts/application
  [1m[36mRoom Load (1.3ms)[0m  [1m[34mSELECT "rooms".* FROM "rooms" WHERE "rooms"."hotel_id" = 2 /*action='index',application='HotelManagement',controller='rooms'*/[0m
  ↳ app/views/rooms/index.html.erb:20
  Rendered rooms/index.html.erb within layouts/application (Duration: 6.3ms | GC: 0.0ms)
  Rendered layout layouts/application.html.erb (Duration: 9.1ms | GC: 0.0ms)
Completed 200 OK in 234ms (Views: 9.3ms | ActiveRecord: 215.4ms (2 queries, 0 cached) | GC: 0.0ms)


Started GET "/hotels" for ::1 at 2025-11-12 20:28:50 +0000
Processing by HotelsController#index as HTML
  Rendering layout layouts/application.html.erb
  Rendering hotels/index.html.erb within layouts/application
  [1m[36mHotel Load (0.5ms)[0m  [1m[34mSELECT "hotels".* FROM "hotels" /*action='index',application='HotelManagement',controller='hotels'*/[0m
  ↳ app/views/hotels/index.html.erb:17
  Rendered hotels/index.html.erb within layouts/application (Duration: 4.0ms | GC: 0.0ms)
  Rendered layout layouts/application.html.erb (Duration: 7.5ms | GC: 0.0ms)
Completed 200 OK in 20ms (Views: 7.9ms | ActiveRecord: 0.5ms (1 query, 0 cached) | GC: 0.0ms)


Started GET "/hotels/1" for ::1 at 2025-11-12 20:52:25 +0000
Processing by HotelsController#show as HTML
  Parameters: {"id" => "1"}
  [1m[36mHotel Load (89.6ms)[0m  [1m[34mSELECT "hotels".* FROM "hotels" WHERE "hotels"."id" = 1 LIMIT 1 /*action='show',application='HotelManagement',controller='hotels'*/[0m
  ↳ app/controllers/hotels_controller.rb:43:in 'HotelsController#set_hotel'
  Rendering layout layouts/application.html.erb
  Rendering hotels/show.html.erb within layouts/application
  Rendered hotels/show.html.erb within layouts/application (Duration: 0.9ms | GC: 0.0ms)
  Rendered layout layouts/application.html.erb (Duration: 3.1ms | GC: 0.0ms)
Completed 200 OK in 109ms (Views: 4.7ms | ActiveRecord: 96.5ms (1 query, 0 cached) | GC: 0.0ms)


Started GET "/hotels" for ::1 at 2025-11-12 20:52:29 +0000
Processing by HotelsController#index as HTML
  Rendering layout layouts/application.html.erb
  Rendering hotels/index.html.erb within layouts/application
  [1m[36mHotel Load (0.3ms)[0m  [1m[34mSELECT "hotels".* FROM "hotels" /*action='index',application='HotelManagement',controller='hotels'*/[0m
  ↳ app/views/hotels/index.html.erb:17
  Rendered hotels/index.html.erb within layouts/application (Duration: 3.4ms | GC: 0.0ms)
  Rendered layout layouts/application.html.erb (Duration: 4.9ms | GC: 0.0ms)
Completed 200 OK in 15ms (Views: 5.7ms | ActiveRecord: 0.3ms (1 query, 0 cached) | GC: 0.0ms)


Started GET "/hotels/2/rooms" for ::1 at 2025-11-12 20:55:29 +0000
Processing by RoomsController#index as HTML
  Parameters: {"hotel_id" => "2"}
  [1m[36mHotel Load (0.4ms)[0m  [1m[34mSELECT "hotels".* FROM "hotels" WHERE "hotels"."id" = 2 LIMIT 1 /*action='index',application='HotelManagement',controller='rooms'*/[0m
  ↳ app/controllers/rooms_controller.rb:44:in 'RoomsController#set_hotel'
  Rendering layout layouts/application.html.erb
  Rendering rooms/index.html.erb within layouts/application
  [1m[36mRoom Load (1.0ms)[0m  [1m[34mSELECT "rooms".* FROM "rooms" WHERE "rooms"."hotel_id" = 2 /*action='index',application='HotelManagement',controller='rooms'*/[0m
  ↳ app/views/rooms/index.html.erb:20
  Rendered rooms/index.html.erb within layouts/application (Duration: 3.6ms | GC: 0.0ms)
  Rendered layout layouts/application.html.erb (Duration: 4.8ms | GC: 0.0ms)
Completed 200 OK in 18ms (Views: 4.4ms | ActiveRecord: 1.6ms (2 queries, 0 cached) | GC: 0.0ms)


Started GET "/hotels" for ::1 at 2025-11-12 20:55:31 +0000
Processing by HotelsController#index as HTML
  Rendering layout layouts/application.html.erb
  Rendering hotels/index.html.erb within layouts/application
  [1m[36mHotel Load (0.3ms)[0m  [1m[34mSELECT "hotels".* FROM "hotels" /*action='index',application='HotelManagement',controller='hotels'*/[0m
  ↳ app/views/hotels/index.html.erb:17
  Rendered hotels/index.html.erb within layouts/application (Duration: 2.8ms | GC: 0.0ms)
  Rendered layout layouts/application.html.erb (Duration: 4.0ms | GC: 0.0ms)
Completed 200 OK in 14ms (Views: 4.5ms | ActiveRecord: 0.3ms (1 query, 0 cached) | GC: 0.0ms)


Started GET "/hotels/2/rooms" for ::1 at 2025-11-12 20:55:32 +0000
Processing by RoomsController#index as HTML
  Parameters: {"hotel_id" => "2"}
  [1m[36mHotel Load (0.5ms)[0m  [1m[34mSELECT "hotels".* FROM "hotels" WHERE "hotels"."id" = 2 LIMIT 1 /*action='index',application='HotelManagement',controller='rooms'*/[0m
  ↳ app/controllers/rooms_controller.rb:44:in 'RoomsController#set_hotel'
  Rendering layout layouts/application.html.erb
  Rendering rooms/index.html.erb within layouts/application
  [1m[36mRoom Load (0.3ms)[0m  [1m[34mSELECT "rooms".* FROM "rooms" WHERE "rooms"."hotel_id" = 2 /*action='index',application='HotelManagement',controller='rooms'*/[0m
  ↳ app/views/rooms/index.html.erb:20
  Rendered rooms/index.html.erb within layouts/application (Duration: 2.8ms | GC: 0.0ms)
  Rendered layout layouts/application.html.erb (Duration: 4.2ms | GC: 0.0ms)
Completed 200 OK in 17ms (Views: 4.5ms | ActiveRecord: 0.8ms (2 queries, 0 cached) | GC: 0.0ms)


Started GET "/hotels" for ::1 at 2025-11-12 20:55:33 +0000
Processing by HotelsController#index as HTML
  Rendering layout layouts/application.html.erb
  Rendering hotels/index.html.erb within layouts/application
  [1m[36mHotel Load (0.4ms)[0m  [1m[34mSELECT "hotels".* FROM "hotels" /*action='index',application='HotelManagement',controller='hotels'*/[0m
  ↳ app/views/hotels/index.html.erb:17
  Rendered hotels/index.html.erb within layouts/application (Duration: 3.2ms | GC: 0.0ms)
  Rendered layout layouts/application.html.erb (Duration: 4.1ms | GC: 0.0ms)
Completed 200 OK in 16ms (Views: 4.5ms | ActiveRecord: 0.4ms (1 query, 0 cached) | GC: 0.0ms)


Started GET "/hotels/1/rooms" for ::1 at 2025-11-12 20:55:34 +0000
Processing by RoomsController#index as HTML
  Parameters: {"hotel_id" => "1"}
  [1m[36mHotel Load (0.4ms)[0m  [1m[34mSELECT "hotels".* FROM "hotels" WHERE "hotels"."id" = 1 LIMIT 1 /*action='index',application='HotelManagement',controller='rooms'*/[0m
  ↳ app/controllers/rooms_controller.rb:44:in 'RoomsController#set_hotel'
  Rendering layout layouts/application.html.erb
  Rendering rooms/index.html.erb within layouts/application
  [1m[36mRoom Load (0.3ms)[0m  [1m[34mSELECT "rooms".* FROM "rooms" WHERE "rooms"."hotel_id" = 1 /*action='index',application='HotelManagement',controller='rooms'*/[0m
  ↳ app/views/rooms/index.html.erb:20
  Rendered rooms/index.html.erb within layouts/application (Duration: 2.6ms | GC: 0.0ms)
  Rendered layout layouts/application.html.erb (Duration: 3.8ms | GC: 0.0ms)
Completed 200 OK in 17ms (Views: 4.3ms | ActiveRecord: 0.7ms (2 queries, 0 cached) | GC: 0.0ms)


Started GET "/hotels" for ::1 at 2025-11-12 20:55:35 +0000
Processing by HotelsController#index as HTML
  Rendering layout layouts/application.html.erb
  Rendering hotels/index.html.erb within layouts/application
  [1m[36mHotel Load (0.3ms)[0m  [1m[34mSELECT "hotels".* FROM "hotels" /*action='index',application='HotelManagement',controller='hotels'*/[0m
  ↳ app/views/hotels/index.html.erb:17
  Rendered hotels/index.html.erb within layouts/application (Duration: 3.4ms | GC: 0.0ms)
  Rendered layout layouts/application.html.erb (Duration: 4.5ms | GC: 0.0ms)
Completed 200 OK in 16ms (Views: 5.1ms | ActiveRecord: 0.3ms (1 query, 0 cached) | GC: 0.0ms)


Started GET "/hotels" for ::1 at 2025-11-12 20:55:38 +0000
Processing by HotelsController#index as HTML
  Rendering layout layouts/application.html.erb
  Rendering hotels/index.html.erb within layouts/application
  [1m[36mHotel Load (0.3ms)[0m  [1m[34mSELECT "hotels".* FROM "hotels" /*action='index',application='HotelManagement',controller='hotels'*/[0m
  ↳ app/views/hotels/index.html.erb:17
  Rendered hotels/index.html.erb within layouts/application (Duration: 2.6ms | GC: 0.0ms)
  Rendered layout layouts/application.html.erb (Duration: 3.4ms | GC: 0.0ms)
Completed 200 OK in 15ms (Views: 3.9ms | ActiveRecord: 0.3ms (1 query, 0 cached) | GC: 0.0ms)


Started GET "/hotels" for ::1 at 2025-11-12 21:11:36 +0000
Processing by HotelsController#index as HTML
  Rendering layout layouts/application.html.erb
  Rendering hotels/index.html.erb within layouts/application
  [1m[36mHotel Load (88.5ms)[0m  [1m[34mSELECT "hotels".* FROM "hotels" /*action='index',application='HotelManagement',controller='hotels'*/[0m
  ↳ app/views/hotels/index.html.erb:17
  Rendered hotels/index.html.erb within layouts/application (Duration: 94.2ms | GC: 0.0ms)
  Rendered layout layouts/application.html.erb (Duration: 95.6ms | GC: 0.0ms)
Completed 200 OK in 107ms (Views: 1.6ms | ActiveRecord: 94.8ms (1 query, 0 cached) | GC: 0.0ms)


Started GET "/hotels/new" for ::1 at 2025-11-12 21:11:42 +0000
Processing by HotelsController#new as HTML
  Rendering layout layouts/application.html.erb
  Rendering hotels/new.html.erb within layouts/application
  Rendered hotels/_form.html.erb (Duration: 205.1ms | GC: 0.2ms)
  Rendered hotels/new.html.erb within layouts/application (Duration: 208.6ms | GC: 0.2ms)
  Rendered layout layouts/application.html.erb (Duration: 210.0ms | GC: 0.2ms)
Completed 200 OK in 224ms (Views: 210.8ms | ActiveRecord: 0.0ms (0 queries, 0 cached) | GC: 0.2ms)


Started POST "/hotels" for ::1 at 2025-11-12 21:11:52 +0000
Processing by HotelsController#create as HTML
  Parameters: {"authenticity_token" => "[FILTERED]", "hotel" => {"name" => "The nice hotel ", "location" => "dublin", "rating" => "3", "description" => "anhfasbof"}, "commit" => "Create Hotel"}
  [1m[36mTRANSACTION (0.3ms)[0m  [1m[35mBEGIN /*action='create',application='HotelManagement',controller='hotels'*/[0m
  ↳ app/controllers/hotels_controller.rb:20:in 'HotelsController#create'
  [1m[36mHotel Create (10.6ms)[0m  [1m[32mINSERT INTO "hotels" ("name", "location", "rating", "description", "created_at", "updated_at") VALUES ('The nice hotel ', 'dublin', 3, 'anhfasbof', '2025-11-12 21:11:53.011650', '2025-11-12 21:11:53.011650') RETURNING "id" /*action='create',application='HotelManagement',controller='hotels'*/[0m
  ↳ app/controllers/hotels_controller.rb:20:in 'HotelsController#create'
  [1m[36mTRANSACTION (0.7ms)[0m  [1m[35mCOMMIT /*action='create',application='HotelManagement',controller='hotels'*/[0m
  ↳ app/controllers/hotels_controller.rb:20:in 'HotelsController#create'
Redirected to http://localhost:3000/hotels/6
↳ app/controllers/hotels_controller.rb:21:in 'HotelsController#create'
Completed 302 Found in 36ms (ActiveRecord: 11.6ms (1 query, 0 cached) | GC: 0.0ms)


Started GET "/hotels/6" for ::1 at 2025-11-12 21:11:53 +0000
Processing by HotelsController#show as HTML
  Parameters: {"id" => "6"}
  [1m[36mHotel Load (0.5ms)[0m  [1m[34mSELECT "hotels".* FROM "hotels" WHERE "hotels"."id" = 6 LIMIT 1 /*action='show',application='HotelManagement',controller='hotels'*/[0m
  ↳ app/controllers/hotels_controller.rb:43:in 'HotelsController#set_hotel'
  Rendering layout layouts/application.html.erb
  Rendering hotels/show.html.erb within layouts/application
  Rendered hotels/show.html.erb within layouts/application (Duration: 0.2ms | GC: 0.0ms)
  Rendered layout layouts/application.html.erb (Duration: 2.6ms | GC: 0.0ms)
Completed 200 OK in 20ms (Views: 3.4ms | ActiveRecord: 0.5ms (1 query, 0 cached) | GC: 0.0ms)


Started GET "/hotels" for ::1 at 2025-11-12 21:11:59 +0000
Processing by HotelsController#index as HTML
  Rendering layout layouts/application.html.erb
  Rendering hotels/index.html.erb within layouts/application
  [1m[36mHotel Load (0.3ms)[0m  [1m[34mSELECT "hotels".* FROM "hotels" /*action='index',application='HotelManagement',controller='hotels'*/[0m
  ↳ app/views/hotels/index.html.erb:17
  Rendered hotels/index.html.erb within layouts/application (Duration: 3.1ms | GC: 0.0ms)
  Rendered layout layouts/application.html.erb (Duration: 4.2ms | GC: 0.0ms)
Completed 200 OK in 16ms (Views: 4.7ms | ActiveRecord: 0.3ms (1 query, 0 cached) | GC: 0.0ms)


Started GET "/hotels/6" for ::1 at 2025-11-12 21:12:03 +0000
Processing by HotelsController#show as HTML
  Parameters: {"id" => "6"}
  [1m[36mHotel Load (0.3ms)[0m  [1m[34mSELECT "hotels".* FROM "hotels" WHERE "hotels"."id" = 6 LIMIT 1 /*action='show',application='HotelManagement',controller='hotels'*/[0m
  ↳ app/controllers/hotels_controller.rb:43:in 'HotelsController#set_hotel'
  Rendering layout layouts/application.html.erb
  Rendering hotels/show.html.erb within layouts/application
  Rendered hotels/show.html.erb within layouts/application (Duration: 0.2ms | GC: 0.0ms)
  Rendered layout layouts/application.html.erb (Duration: 1.3ms | GC: 0.0ms)
Completed 200 OK in 14ms (Views: 2.0ms | ActiveRecord: 0.3ms (1 query, 0 cached) | GC: 0.0ms)


Started GET "/hotels" for ::1 at 2025-11-12 21:12:06 +0000
Processing by HotelsController#index as HTML
  Rendering layout layouts/application.html.erb
  Rendering hotels/index.html.erb within layouts/application
  [1m[36mHotel Load (0.3ms)[0m  [1m[34mSELECT "hotels".* FROM "hotels" /*action='index',application='HotelManagement',controller='hotels'*/[0m
  ↳ app/views/hotels/index.html.erb:17
  Rendered hotels/index.html.erb within layouts/application (Duration: 3.4ms | GC: 0.0ms)
  Rendered layout layouts/application.html.erb (Duration: 4.4ms | GC: 0.0ms)
Completed 200 OK in 16ms (Views: 5.0ms | ActiveRecord: 0.3ms (1 query, 0 cached) | GC: 0.0ms)


Started GET "/hotels/6/edit" for ::1 at 2025-11-12 21:12:07 +0000
Processing by HotelsController#edit as HTML
  Parameters: {"id" => "6"}
  [1m[36mHotel Load (0.3ms)[0m  [1m[34mSELECT "hotels".* FROM "hotels" WHERE "hotels"."id" = 6 LIMIT 1 /*action='edit',application='HotelManagement',controller='hotels'*/[0m
  ↳ app/controllers/hotels_controller.rb:43:in 'HotelsController#set_hotel'
  Rendering layout layouts/application.html.erb
  Rendering hotels/edit.html.erb within layouts/application
  Rendered hotels/_form.html.erb (Duration: 2.4ms | GC: 0.0ms)
  Rendered hotels/edit.html.erb within layouts/application (Duration: 3.8ms | GC: 0.0ms)
  Rendered layout layouts/application.html.erb (Duration: 5.1ms | GC: 0.0ms)
Completed 200 OK in 22ms (Views: 6.1ms | ActiveRecord: 0.3ms (1 query, 0 cached) | GC: 0.0ms)


Started PATCH "/hotels/6" for ::1 at 2025-11-12 21:12:10 +0000
Processing by HotelsController#update as HTML
  Parameters: {"authenticity_token" => "[FILTERED]", "hotel" => {"name" => "The nice hotel ", "location" => "dublin", "rating" => "4", "description" => "anhfasbof"}, "commit" => "Update Hotel", "id" => "6"}
  [1m[36mHotel Load (0.3ms)[0m  [1m[34mSELECT "hotels".* FROM "hotels" WHERE "hotels"."id" = 6 LIMIT 1 /*action='update',application='HotelManagement',controller='hotels'*/[0m
  ↳ app/controllers/hotels_controller.rb:43:in 'HotelsController#set_hotel'
  [1m[36mTRANSACTION (0.1ms)[0m  [1m[35mBEGIN /*action='update',application='HotelManagement',controller='hotels'*/[0m
  ↳ app/controllers/hotels_controller.rb:28:in 'HotelsController#update'
  [1m[36mHotel Update (5.3ms)[0m  [1m[33mUPDATE "hotels" SET "rating" = 4, "updated_at" = '2025-11-12 21:12:10.757818' WHERE "hotels"."id" = 6 /*action='update',application='HotelManagement',controller='hotels'*/[0m
  ↳ app/controllers/hotels_controller.rb:28:in 'HotelsController#update'
  [1m[36mTRANSACTION (0.3ms)[0m  [1m[35mCOMMIT /*action='update',application='HotelManagement',controller='hotels'*/[0m
  ↳ app/controllers/hotels_controller.rb:28:in 'HotelsController#update'
Redirected to http://localhost:3000/hotels/6
↳ app/controllers/hotels_controller.rb:29:in 'HotelsController#update'
Completed 302 Found in 25ms (ActiveRecord: 5.9ms (2 queries, 0 cached) | GC: 0.0ms)


Started GET "/hotels/6" for ::1 at 2025-11-12 21:12:10 +0000
Processing by HotelsController#show as HTML
  Parameters: {"id" => "6"}
  [1m[36mHotel Load (0.4ms)[0m  [1m[34mSELECT "hotels".* FROM "hotels" WHERE "hotels"."id" = 6 LIMIT 1 /*action='show',application='HotelManagement',controller='hotels'*/[0m
  ↳ app/controllers/hotels_controller.rb:43:in 'HotelsController#set_hotel'
  Rendering layout layouts/application.html.erb
  Rendering hotels/show.html.erb within layouts/application
  Rendered hotels/show.html.erb within layouts/application (Duration: 0.3ms | GC: 0.0ms)
  Rendered layout layouts/application.html.erb (Duration: 1.9ms | GC: 0.0ms)
Completed 200 OK in 18ms (Views: 2.6ms | ActiveRecord: 0.4ms (1 query, 0 cached) | GC: 0.0ms)


Started GET "/hotels" for ::1 at 2025-11-12 21:12:11 +0000
Processing by HotelsController#index as HTML
  Rendering layout layouts/application.html.erb
  Rendering hotels/index.html.erb within layouts/application
  [1m[36mHotel Load (0.3ms)[0m  [1m[34mSELECT "hotels".* FROM "hotels" /*action='index',application='HotelManagement',controller='hotels'*/[0m
  ↳ app/views/hotels/index.html.erb:17
  Rendered hotels/index.html.erb within layouts/application (Duration: 3.6ms | GC: 0.0ms)
  Rendered layout layouts/application.html.erb (Duration: 5.1ms | GC: 0.0ms)
Completed 200 OK in 15ms (Views: 5.6ms | ActiveRecord: 0.3ms (1 query, 0 cached) | GC: 0.0ms)


Started GET "/hotels/6/rooms" for ::1 at 2025-11-12 21:12:14 +0000
Processing by RoomsController#index as HTML
  Parameters: {"hotel_id" => "6"}
  [1m[36mHotel Load (0.3ms)[0m  [1m[34mSELECT "hotels".* FROM "hotels" WHERE "hotels"."id" = 6 LIMIT 1 /*action='index',application='HotelManagement',controller='rooms'*/[0m
  ↳ app/controllers/rooms_controller.rb:44:in 'RoomsController#set_hotel'
  Rendering layout layouts/application.html.erb
  Rendering rooms/index.html.erb within layouts/application
  [1m[36mRoom Load (1.0ms)[0m  [1m[34mSELECT "rooms".* FROM "rooms" WHERE "rooms"."hotel_id" = 6 /*action='index',application='HotelManagement',controller='rooms'*/[0m
  ↳ app/views/rooms/index.html.erb:20
  Rendered rooms/index.html.erb within layouts/application (Duration: 4.1ms | GC: 0.0ms)
  Rendered layout layouts/application.html.erb (Duration: 5.4ms | GC: 0.0ms)
Completed 200 OK in 19ms (Views: 5.0ms | ActiveRecord: 1.4ms (2 queries, 0 cached) | GC: 0.0ms)


Started GET "/hotels/6/rooms/new" for ::1 at 2025-11-12 21:12:17 +0000
Processing by RoomsController#new as HTML
  Parameters: {"hotel_id" => "6"}
  [1m[36mHotel Load (0.3ms)[0m  [1m[34mSELECT "hotels".* FROM "hotels" WHERE "hotels"."id" = 6 LIMIT 1 /*action='new',application='HotelManagement',controller='rooms'*/[0m
  ↳ app/controllers/rooms_controller.rb:44:in 'RoomsController#set_hotel'
  Rendering layout layouts/application.html.erb
  Rendering rooms/new.html.erb within layouts/application
  Rendered rooms/_form.html.erb (Duration: 161.2ms | GC: 0.0ms)
  Rendered rooms/new.html.erb within layouts/application (Duration: 164.2ms | GC: 0.0ms)
  Rendered layout layouts/application.html.erb (Duration: 165.7ms | GC: 0.0ms)
Completed 200 OK in 183ms (Views: 167.2ms | ActiveRecord: 0.3ms (1 query, 0 cached) | GC: 0.0ms)


Started POST "/hotels/6/rooms" for ::1 at 2025-11-12 21:12:23 +0000
Processing by RoomsController#create as HTML
  Parameters: {"authenticity_token" => "[FILTERED]", "room" => {"number" => "1", "room_type" => "double ", "price" => "200"}, "commit" => "Create Room", "hotel_id" => "6"}
  [1m[36mHotel Load (0.3ms)[0m  [1m[34mSELECT "hotels".* FROM "hotels" WHERE "hotels"."id" = 6 LIMIT 1 /*action='create',application='HotelManagement',controller='rooms'*/[0m
  ↳ app/controllers/rooms_controller.rb:44:in 'RoomsController#set_hotel'
  [1m[36mTRANSACTION (0.1ms)[0m  [1m[35mBEGIN /*action='create',application='HotelManagement',controller='rooms'*/[0m
  ↳ app/controllers/rooms_controller.rb:21:in 'RoomsController#create'
  [1m[36mRoom Create (6.0ms)[0m  [1m[32mINSERT INTO "rooms" ("number", "room_type", "price", "hotel_id", "created_at", "updated_at") VALUES ('1', 'double ', 200.0, 6, '2025-11-12 21:12:23.761599', '2025-11-12 21:12:23.761599') RETURNING "id" /*action='create',application='HotelManagement',controller='rooms'*/[0m
  ↳ app/controllers/rooms_controller.rb:21:in 'RoomsController#create'
  [1m[36mTRANSACTION (0.3ms)[0m  [1m[35mCOMMIT /*action='create',application='HotelManagement',controller='rooms'*/[0m
  ↳ app/controllers/rooms_controller.rb:21:in 'RoomsController#create'
Redirected to http://localhost:3000/hotels/6/rooms
↳ app/controllers/rooms_controller.rb:22:in 'RoomsController#create'
Completed 302 Found in 29ms (ActiveRecord: 6.7ms (2 queries, 0 cached) | GC: 0.0ms)


Started GET "/hotels/6/rooms" for ::1 at 2025-11-12 21:12:23 +0000
Processing by RoomsController#index as HTML
  Parameters: {"hotel_id" => "6"}
  [1m[36mHotel Load (0.4ms)[0m  [1m[34mSELECT "hotels".* FROM "hotels" WHERE "hotels"."id" = 6 LIMIT 1 /*action='index',application='HotelManagement',controller='rooms'*/[0m
  ↳ app/controllers/rooms_controller.rb:44:in 'RoomsController#set_hotel'
  Rendering layout layouts/application.html.erb
  Rendering rooms/index.html.erb within layouts/application
  [1m[36mRoom Load (0.4ms)[0m  [1m[34mSELECT "rooms".* FROM "rooms" WHERE "rooms"."hotel_id" = 6 /*action='index',application='HotelManagement',controller='rooms'*/[0m
  ↳ app/views/rooms/index.html.erb:20
  Rendered rooms/index.html.erb within layouts/application (Duration: 3.3ms | GC: 0.0ms)
  Rendered layout layouts/application.html.erb (Duration: 4.7ms | GC: 0.0ms)
Completed 200 OK in 19ms (Views: 5.0ms | ActiveRecord: 0.8ms (2 queries, 0 cached) | GC: 0.0ms)


Started GET "/hotels" for ::1 at 2025-11-12 21:12:27 +0000
Processing by HotelsController#index as HTML
  Rendering layout layouts/application.html.erb
  Rendering hotels/index.html.erb within layouts/application
  [1m[36mHotel Load (0.3ms)[0m  [1m[34mSELECT "hotels".* FROM "hotels" /*action='index',application='HotelManagement',controller='hotels'*/[0m
  ↳ app/views/hotels/index.html.erb:17
  Rendered hotels/index.html.erb within layouts/application (Duration: 4.0ms | GC: 0.0ms)
  Rendered layout layouts/application.html.erb (Duration: 5.1ms | GC: 0.0ms)
Completed 200 OK in 19ms (Views: 5.7ms | ActiveRecord: 0.3ms (1 query, 0 cached) | GC: 0.0ms)


Started DELETE "/hotels/6" for ::1 at 2025-11-12 21:12:30 +0000
Processing by HotelsController#destroy as HTML
  Parameters: {"authenticity_token" => "[FILTERED]", "id" => "6"}
  [1m[36mHotel Load (0.4ms)[0m  [1m[34mSELECT "hotels".* FROM "hotels" WHERE "hotels"."id" = 6 LIMIT 1 /*action='destroy',application='HotelManagement',controller='hotels'*/[0m
  ↳ app/controllers/hotels_controller.rb:43:in 'HotelsController#set_hotel'
  [1m[36mTRANSACTION (0.1ms)[0m  [1m[35mBEGIN /*action='destroy',application='HotelManagement',controller='hotels'*/[0m
  ↳ app/controllers/hotels_controller.rb:36:in 'HotelsController#destroy'
  [1m[36mRoom Load (2.7ms)[0m  [1m[34mSELECT "rooms".* FROM "rooms" WHERE "rooms"."hotel_id" = 6 /*action='destroy',application='HotelManagement',controller='hotels'*/[0m
  ↳ app/controllers/hotels_controller.rb:36:in 'HotelsController#destroy'
  [1m[36mRoom Destroy (0.4ms)[0m  [1m[31mDELETE FROM "rooms" WHERE "rooms"."id" = 5 /*action='destroy',application='HotelManagement',controller='hotels'*/[0m
  ↳ app/controllers/hotels_controller.rb:36:in 'HotelsController#destroy'
  [1m[36mHotel Destroy (0.9ms)[0m  [1m[31mDELETE FROM "hotels" WHERE "hotels"."id" = 6 /*action='destroy',application='HotelManagement',controller='hotels'*/[0m
  ↳ app/controllers/hotels_controller.rb:36:in 'HotelsController#destroy'
  [1m[36mTRANSACTION (0.2ms)[0m  [1m[35mCOMMIT /*action='destroy',application='HotelManagement',controller='hotels'*/[0m
  ↳ app/controllers/hotels_controller.rb:36:in 'HotelsController#destroy'
Redirected to http://localhost:3000/hotels
↳ app/controllers/hotels_controller.rb:37:in 'HotelsController#destroy'
Completed 302 Found in 27ms (ActiveRecord: 4.6ms (4 queries, 0 cached) | GC: 0.0ms)


Started GET "/hotels" for ::1 at 2025-11-12 21:12:30 +0000
Processing by HotelsController#index as HTML
  Rendering layout layouts/application.html.erb
  Rendering hotels/index.html.erb within layouts/application
  [1m[36mHotel Load (0.3ms)[0m  [1m[34mSELECT "hotels".* FROM "hotels" /*action='index',application='HotelManagement',controller='hotels'*/[0m
  ↳ app/views/hotels/index.html.erb:17
  Rendered hotels/index.html.erb within layouts/application (Duration: 3.8ms | GC: 0.0ms)
  Rendered layout layouts/application.html.erb (Duration: 4.8ms | GC: 0.0ms)
Completed 200 OK in 18ms (Views: 5.9ms | ActiveRecord: 0.3ms (1 query, 0 cached) | GC: 0.0ms)


  [1m[36mHotel Count (105.6ms)[0m  [1m[34mSELECT COUNT(*) FROM "hotels" /*application='HotelManagement'*/[0m
  [1m[36mRoom Count (1.3ms)[0m  [1m[34mSELECT COUNT(*) FROM "rooms" /*application='HotelManagement'*/[0m
Started GET "/" for 127.0.0.1 at 2025-12-14 23:17:35 +0000
  [1m[36mActiveRecord::SchemaMigration Load (2.3ms)[0m  [1m[34mSELECT "schema_migrations"."version" FROM "schema_migrations" ORDER BY "schema_migrations"."version" ASC /*application='HotelManagement'*/[0m
Processing by HotelsController#index as HTML
  Rendering layout layouts/application.html.erb
  Rendering hotels/index.html.erb within layouts/application
  [1m[36mHotel Load (92.4ms)[0m  [1m[34mSELECT "hotels".* FROM "hotels" /*action='index',application='HotelManagement',controller='hotels'*/[0m
  ↳ app/views/hotels/index.html.erb:17
  Rendered hotels/index.html.erb within layouts/application (Duration: 126.7ms | GC: 0.0ms)
  Rendered layout layouts/application.html.erb (Duration: 155.7ms | GC: 0.0ms)
Completed 200 OK in 281ms (Views: 55.8ms | ActiveRecord: 115.8ms (1 query, 0 cached) | GC: 0.0ms)


Started GET "/hotels/new" for 127.0.0.1 at 2025-12-14 23:17:41 +0000
Processing by HotelsController#new as HTML
  Rendering layout layouts/application.html.erb
  Rendering hotels/new.html.erb within layouts/application
  Rendered hotels/_form.html.erb (Duration: 49.4ms | GC: 0.2ms)
  Rendered hotels/new.html.erb within layouts/application (Duration: 52.1ms | GC: 0.2ms)
  Rendered layout layouts/application.html.erb (Duration: 53.2ms | GC: 0.2ms)
Completed 200 OK in 65ms (Views: 53.9ms | ActiveRecord: 0.0ms (0 queries, 0 cached) | GC: 0.2ms)


Started POST "/hotels" for 127.0.0.1 at 2025-12-14 23:17:52 +0000
Processing by HotelsController#create as HTML
  Parameters: {"authenticity_token" => "[FILTERED]", "hotel" => {"name" => "nice place", "location" => "dublin", "rating" => "4", "description" => "cool"}, "commit" => "Create Hotel"}
  [1m[36mTRANSACTION (0.2ms)[0m  [1m[35mBEGIN /*action='create',application='HotelManagement',controller='hotels'*/[0m
  ↳ app/controllers/hotels_controller.rb:20:in 'HotelsController#create'
  [1m[36mHotel Create (11.3ms)[0m  [1m[32mINSERT INTO "hotels" ("name", "location", "rating", "description", "created_at", "updated_at") VALUES ('nice place', 'dublin', 4, 'cool', '2025-12-14 23:17:52.957176', '2025-12-14 23:17:52.957176') RETURNING "id" /*action='create',application='HotelManagement',controller='hotels'*/[0m
  ↳ app/controllers/hotels_controller.rb:20:in 'HotelsController#create'
  [1m[36mTRANSACTION (0.8ms)[0m  [1m[35mCOMMIT /*action='create',application='HotelManagement',controller='hotels'*/[0m
  ↳ app/controllers/hotels_controller.rb:20:in 'HotelsController#create'
Redirected to http://127.0.0.1:3000/hotels/7
↳ app/controllers/hotels_controller.rb:21:in 'HotelsController#create'
Completed 302 Found in 34ms (ActiveRecord: 12.2ms (1 query, 0 cached) | GC: 0.0ms)


Started GET "/hotels/7" for 127.0.0.1 at 2025-12-14 23:17:53 +0000
Processing by HotelsController#show as HTML
  Parameters: {"id" => "7"}
  [1m[36mHotel Load (1.2ms)[0m  [1m[34mSELECT "hotels".* FROM "hotels" WHERE "hotels"."id" = 7 LIMIT 1 /*action='show',application='HotelManagement',controller='hotels'*/[0m
  ↳ app/controllers/hotels_controller.rb:43:in 'HotelsController#set_hotel'
  Rendering layout layouts/application.html.erb
  Rendering hotels/show.html.erb within layouts/application
  Rendered hotels/show.html.erb within layouts/application (Duration: 0.7ms | GC: 0.0ms)
  Rendered layout layouts/application.html.erb (Duration: 2.4ms | GC: 0.0ms)
Completed 200 OK in 24ms (Views: 3.3ms | ActiveRecord: 1.2ms (1 query, 0 cached) | GC: 0.0ms)


Started GET "/hotels" for 127.0.0.1 at 2025-12-14 23:17:55 +0000
Processing by HotelsController#index as HTML
  Rendering layout layouts/application.html.erb
  Rendering hotels/index.html.erb within layouts/application
  [1m[36mHotel Load (0.3ms)[0m  [1m[34mSELECT "hotels".* FROM "hotels" /*action='index',application='HotelManagement',controller='hotels'*/[0m
  ↳ app/views/hotels/index.html.erb:17
  Rendered hotels/index.html.erb within layouts/application (Duration: 4.0ms | GC: 0.0ms)
  Rendered layout layouts/application.html.erb (Duration: 4.8ms | GC: 0.0ms)
Completed 200 OK in 15ms (Views: 5.1ms | ActiveRecord: 0.3ms (1 query, 0 cached) | GC: 0.0ms)


Started DELETE "/hotels/7" for 127.0.0.1 at 2025-12-14 23:17:57 +0000
Processing by HotelsController#destroy as HTML
  Parameters: {"authenticity_token" => "[FILTERED]", "id" => "7"}
  [1m[36mHotel Load (0.6ms)[0m  [1m[34mSELECT "hotels".* FROM "hotels" WHERE "hotels"."id" = 7 LIMIT 1 /*action='destroy',application='HotelManagement',controller='hotels'*/[0m
  ↳ app/controllers/hotels_controller.rb:43:in 'HotelsController#set_hotel'
  [1m[36mTRANSACTION (0.1ms)[0m  [1m[35mBEGIN /*action='destroy',application='HotelManagement',controller='hotels'*/[0m
  ↳ app/controllers/hotels_controller.rb:36:in 'HotelsController#destroy'
  [1m[36mRoom Load (2.0ms)[0m  [1m[34mSELECT "rooms".* FROM "rooms" WHERE "rooms"."hotel_id" = 7 /*action='destroy',application='HotelManagement',controller='hotels'*/[0m
  ↳ app/controllers/hotels_controller.rb:36:in 'HotelsController#destroy'
  [1m[36mHotel Destroy (6.2ms)[0m  [1m[31mDELETE FROM "hotels" WHERE "hotels"."id" = 7 /*action='destroy',application='HotelManagement',controller='hotels'*/[0m
  ↳ app/controllers/hotels_controller.rb:36:in 'HotelsController#destroy'
  [1m[36mTRANSACTION (0.2ms)[0m  [1m[35mCOMMIT /*action='destroy',application='HotelManagement',controller='hotels'*/[0m
  ↳ app/controllers/hotels_controller.rb:36:in 'HotelsController#destroy'
Redirected to http://127.0.0.1:3000/hotels
↳ app/controllers/hotels_controller.rb:37:in 'HotelsController#destroy'
Completed 302 Found in 207ms (ActiveRecord: 13.4ms (3 queries, 0 cached) | GC: 0.0ms)


Started GET "/hotels" for 127.0.0.1 at 2025-12-14 23:17:57 +0000
Processing by HotelsController#index as HTML
  Rendering layout layouts/application.html.erb
  Rendering hotels/index.html.erb within layouts/application
  [1m[36mHotel Load (0.3ms)[0m  [1m[34mSELECT "hotels".* FROM "hotels" /*action='index',application='HotelManagement',controller='hotels'*/[0m
  ↳ app/views/hotels/index.html.erb:17
  Rendered hotels/index.html.erb within layouts/application (Duration: 3.4ms | GC: 0.0ms)
  Rendered layout layouts/application.html.erb (Duration: 4.9ms | GC: 0.0ms)
Completed 200 OK in 16ms (Views: 5.6ms | ActiveRecord: 0.3ms (1 query, 0 cached) | GC: 0.0ms)


Started GET "/" for 127.0.0.1 at 2025-12-15 03:02:08 +0000
  [1m[36mActiveRecord::SchemaMigration Load (1.8ms)[0m  [1m[34mSELECT "schema_migrations"."version" FROM "schema_migrations" ORDER BY "schema_migrations"."version" ASC /*application='HotelManagement'*/[0m
Processing by HotelsController#index as HTML
Completed 500 Internal Server Error in 211ms (ActiveRecord: 15.6ms (0 queries, 0 cached) | GC: 0.0ms)


  
NameError (undefined local variable or method 'hotels' for an instance of HotelsController):
  
app/controllers/hotels_controller.rb:7:in 'HotelsController#index'
Started GET "/favicon.ico" for 127.0.0.1 at 2025-12-15 03:02:09 +0000
  
ActionController::RoutingError (No route matches [GET] "/favicon.ico"):
  
Started GET "/" for 127.0.0.1 at 2025-12-15 03:04:18 +0000
Processing by HotelsController#index as HTML
  [1m[36mHotel Load (2.6ms)[0m  [1m[34mSELECT "hotels".* FROM "hotels" ORDER BY "hotels"."name" ASC /*action='index',application='HotelManagement',controller='hotels'*/[0m
  ↳ app/controllers/hotels_controller.rb:7:in 'HotelsController#index'
Completed 200 OK in 33ms (Views: 9.2ms | ActiveRecord: 6.9ms (1 query, 0 cached) | GC: 0.0ms)


